color	position	swapped_node
A	0	2
A	1	384
A	2	770
A	3	1542
A	4	1543
A	5	386
A	6	774
A	7	775
A	8	195
A	9	389
A	10	1552
A	11	1553
A	12	1554
A	13	1555
A	14	392
A	15	786
A	16	1574
A	17	1575
A	18	394
A	19	790
A	20	791
A	21	199
A	22	397
A	23	1584
A	24	1585
A	25	1586
A	26	1587
A	27	201
A	28	401
A	29	1600
A	30	1601
A	31	1602
A	32	1603
A	33	404
A	34	810
A	35	1622
A	36	1623
A	37	406
A	38	814
A	39	815
A	40	204
A	41	411
A	42	1640
A	43	1641
A	44	1642
A	45	1643
A	46	206
A	47	415
A	48	1656
A	49	1657
A	50	1658
A	51	1659
A	52	416
A	53	834
A	54	1670
A	55	1671
A	56	418
A	57	838
A	58	839
A	59	211
A	60	421
A	61	1680
A	62	1681
A	63	1682
A	64	1683
A	65	212
A	66	427
A	67	1704
A	68	1705
A	69	1706
A	70	1707
A	71	214
A	72	431
A	73	1720
A	74	1721
A	75	1722
A	76	1723
A	77	432
A	78	866
A	79	1734
A	80	1735
A	81	434
A	82	870
A	83	871
A	84	219
A	85	437
A	86	1744
A	87	1745
A	88	1746
A	89	1747
A	90	440
A	91	882
A	92	1766
A	93	1767
A	94	442
A	95	886
A	96	887
A	97	223
A	98	445
A	99	1776
A	100	1777
A	101	1778
A	102	1779
A	103	448
A	104	898
A	105	1798
A	106	1799
A	107	450
A	108	902
A	109	903
A	110	227
A	111	453
A	112	1808
A	113	1809
A	114	1810
A	115	1811
A	116	228
A	117	459
A	118	1832
A	119	1833
A	120	1834
A	121	1835
A	122	230
A	123	463
A	124	1848
A	125	1849
A	126	1850
A	127	1851
A	128	464
A	129	930
A	130	1862
A	131	1863
A	132	466
A	133	934
A	134	935
A	135	235
A	136	469
A	137	1872
A	138	1873
A	139	1874
A	140	1875
A	141	472
A	142	946
A	143	1894
A	144	1895
A	145	474
A	146	950
A	147	951
A	148	239
A	149	477
A	150	1904
A	151	1905
A	152	1906
A	153	1907
A	154	240
A	155	483
A	156	1928
A	157	1929
A	158	1930
A	159	1931
A	160	242
A	161	487
A	162	1944
A	163	1945
A	164	1946
A	165	1947
A	166	488
A	167	978
A	168	1958
A	169	1959
A	170	490
A	171	982
A	172	983
A	173	247
A	174	493
A	175	1968
A	176	1969
A	177	1970
A	178	1971
A	179	249
A	180	497
A	181	1984
A	182	1985
A	183	1986
A	184	1987
A	185	500
A	186	1002
A	187	2006
A	188	2007
A	189	502
A	190	1006
A	191	1007
A	192	252
A	193	507
A	194	2024
A	195	2025
A	196	2026
A	197	2027
A	198	254
A	199	511
A	200	2040
A	201	2041
A	202	2042
A	203	2043
B	0	3
B	1	256
B	2	514
B	3	1030
B	4	1031
B	5	258
B	6	518
B	7	519
B	8	131
B	9	261
B	10	1040
B	11	1041
B	12	1042
B	13	1043
B	14	264
B	15	530
B	16	1062
B	17	1063
B	18	266
B	19	534
B	20	535
B	21	135
B	22	269
B	23	1072
B	24	1073
B	25	1074
B	26	1075
B	27	137
B	28	273
B	29	1088
B	30	1089
B	31	1090
B	32	1091
B	33	276
B	34	554
B	35	1110
B	36	1111
B	37	278
B	38	558
B	39	559
B	40	140
B	41	283
B	42	1128
B	43	1129
B	44	1130
B	45	1131
B	46	142
B	47	287
B	48	1144
B	49	1145
B	50	1146
B	51	1147
B	52	288
B	53	578
B	54	1158
B	55	1159
B	56	290
B	57	582
B	58	583
B	59	147
B	60	293
B	61	1168
B	62	1169
B	63	1170
B	64	1171
B	65	148
B	66	299
B	67	1192
B	68	1193
B	69	1194
B	70	1195
B	71	150
B	72	303
B	73	1208
B	74	1209
B	75	1210
B	76	1211
B	77	304
B	78	610
B	79	1222
B	80	1223
B	81	306
B	82	614
B	83	615
B	84	155
B	85	309
B	86	1232
B	87	1233
B	88	1234
B	89	1235
B	90	312
B	91	626
B	92	1254
B	93	1255
B	94	314
B	95	630
B	96	631
B	97	159
B	98	317
B	99	1264
B	100	1265
B	101	1266
B	102	1267
B	103	320
B	104	642
B	105	1286
B	106	1287
B	107	322
B	108	646
B	109	647
B	110	163
B	111	325
B	112	1296
B	113	1297
B	114	1298
B	115	1299
B	116	164
B	117	331
B	118	1320
B	119	1321
B	120	1322
B	121	1323
B	122	166
B	123	335
B	124	1336
B	125	1337
B	126	1338
B	127	1339
B	128	336
B	129	674
B	130	1350
B	131	1351
B	132	338
B	133	678
B	134	679
B	135	171
B	136	341
B	137	1360
B	138	1361
B	139	1362
B	140	1363
B	141	344
B	142	690
B	143	1382
B	144	1383
B	145	346
B	146	694
B	147	695
B	148	175
B	149	349
B	150	1392
B	151	1393
B	152	1394
B	153	1395
B	154	176
B	155	355
B	156	1416
B	157	1417
B	158	1418
B	159	1419
B	160	178
B	161	359
B	162	1432
B	163	1433
B	164	1434
B	165	1435
B	166	360
B	167	722
B	168	1446
B	169	1447
B	170	362
B	171	726
B	172	727
B	173	183
B	174	365
B	175	1456
B	176	1457
B	177	1458
B	178	1459
B	179	185
B	180	369
B	181	1472
B	182	1473
B	183	1474
B	184	1475
B	185	372
B	186	746
B	187	1494
B	188	1495
B	189	374
B	190	750
B	191	751
B	192	188
B	193	379
B	194	1512
B	195	1513
B	196	1514
B	197	1515
B	198	190
B	199	383
B	200	1528
B	201	1529
B	202	1530
B	203	1531
C	0	4
C	1	160
C	2	323
C	3	1288
C	4	1289
C	5	1290
C	6	1291
C	7	162
C	8	327
C	9	1304
C	10	1305
C	11	1306
C	12	1307
C	13	328
C	14	658
C	15	1318
C	16	1319
C	17	330
C	18	662
C	19	663
C	20	167
C	21	333
C	22	1328
C	23	1329
C	24	1330
C	25	1331
C	26	169
C	27	337
C	28	1344
C	29	1345
C	30	1346
C	31	1347
C	32	340
C	33	682
C	34	1366
C	35	1367
C	36	342
C	37	686
C	38	687
C	39	172
C	40	347
C	41	1384
C	42	1385
C	43	1386
C	44	1387
C	45	174
C	46	351
C	47	1400
C	48	1401
C	49	1402
C	50	1403
C	51	352
C	52	706
C	53	1414
C	54	1415
C	55	354
C	56	710
C	57	711
C	58	179
C	59	357
C	60	1424
C	61	1425
C	62	1426
C	63	1427
C	64	180
C	65	363
C	66	1448
C	67	1449
C	68	1450
C	69	1451
C	70	182
C	71	367
C	72	1464
C	73	1465
C	74	1466
C	75	1467
C	76	368
C	77	738
C	78	1478
C	79	1479
C	80	370
C	81	742
C	82	743
C	83	187
C	84	373
C	85	1488
C	86	1489
C	87	1490
C	88	1491
C	89	376
C	90	754
C	91	1510
C	92	1511
C	93	378
C	94	758
C	95	759
C	96	191
C	97	381
C	98	1520
C	99	1521
C	100	1522
C	101	1523
C	102	6
C	103	224
C	104	451
C	105	1800
C	106	1801
C	107	1802
C	108	1803
C	109	226
C	110	455
C	111	1816
C	112	1817
C	113	1818
C	114	1819
C	115	456
C	116	914
C	117	1830
C	118	1831
C	119	458
C	120	918
C	121	919
C	122	231
C	123	461
C	124	1840
C	125	1841
C	126	1842
C	127	1843
C	128	233
C	129	465
C	130	1856
C	131	1857
C	132	1858
C	133	1859
C	134	468
C	135	938
C	136	1878
C	137	1879
C	138	470
C	139	942
C	140	943
C	141	236
C	142	475
C	143	1896
C	144	1897
C	145	1898
C	146	1899
C	147	238
C	148	479
C	149	1912
C	150	1913
C	151	1914
C	152	1915
C	153	480
C	154	962
C	155	1926
C	156	1927
C	157	482
C	158	966
C	159	967
C	160	243
C	161	485
C	162	1936
C	163	1937
C	164	1938
C	165	1939
C	166	244
C	167	491
C	168	1960
C	169	1961
C	170	1962
C	171	1963
C	172	246
C	173	495
C	174	1976
C	175	1977
C	176	1978
C	177	1979
C	178	496
C	179	994
C	180	1990
C	181	1991
C	182	498
C	183	998
C	184	999
C	185	251
C	186	501
C	187	2000
C	188	2001
C	189	2002
C	190	2003
C	191	504
C	192	1010
C	193	2022
C	194	2023
C	195	506
C	196	1014
C	197	1015
C	198	255
C	199	509
C	200	2032
C	201	2033
C	202	2034
C	203	2035
D	0	5
D	1	129
D	2	257
D	3	1024
D	4	1025
D	5	1026
D	6	1027
D	7	260
D	8	522
D	9	1046
D	10	1047
D	11	262
D	12	526
D	13	527
D	14	132
D	15	267
D	16	1064
D	17	1065
D	18	1066
D	19	1067
D	20	134
D	21	271
D	22	1080
D	23	1081
D	24	1082
D	25	1083
D	26	272
D	27	546
D	28	1094
D	29	1095
D	30	274
D	31	550
D	32	551
D	33	139
D	34	277
D	35	1104
D	36	1105
D	37	1106
D	38	1107
D	39	280
D	40	562
D	41	1126
D	42	1127
D	43	282
D	44	566
D	45	567
D	46	143
D	47	285
D	48	1136
D	49	1137
D	50	1138
D	51	1139
D	52	144
D	53	291
D	54	1160
D	55	1161
D	56	1162
D	57	1163
D	58	146
D	59	295
D	60	1176
D	61	1177
D	62	1178
D	63	1179
D	64	296
D	65	594
D	66	1190
D	67	1191
D	68	298
D	69	598
D	70	599
D	71	151
D	72	301
D	73	1200
D	74	1201
D	75	1202
D	76	1203
D	77	153
D	78	305
D	79	1216
D	80	1217
D	81	1218
D	82	1219
D	83	308
D	84	618
D	85	1238
D	86	1239
D	87	310
D	88	622
D	89	623
D	90	156
D	91	315
D	92	1256
D	93	1257
D	94	1258
D	95	1259
D	96	158
D	97	319
D	98	1272
D	99	1273
D	100	1274
D	101	1275
D	102	7
D	103	193
D	104	385
D	105	1536
D	106	1537
D	107	1538
D	108	1539
D	109	388
D	110	778
D	111	1558
D	112	1559
D	113	390
D	114	782
D	115	783
D	116	196
D	117	395
D	118	1576
D	119	1577
D	120	1578
D	121	1579
D	122	198
D	123	399
D	124	1592
D	125	1593
D	126	1594
D	127	1595
D	128	400
D	129	802
D	130	1606
D	131	1607
D	132	402
D	133	806
D	134	807
D	135	203
D	136	405
D	137	1616
D	138	1617
D	139	1618
D	140	1619
D	141	408
D	142	818
D	143	1638
D	144	1639
D	145	410
D	146	822
D	147	823
D	148	207
D	149	413
D	150	1648
D	151	1649
D	152	1650
D	153	1651
D	154	208
D	155	419
D	156	1672
D	157	1673
D	158	1674
D	159	1675
D	160	210
D	161	423
D	162	1688
D	163	1689
D	164	1690
D	165	1691
D	166	424
D	167	850
D	168	1702
D	169	1703
D	170	426
D	171	854
D	172	855
D	173	215
D	174	429
D	175	1712
D	176	1713
D	177	1714
D	178	1715
D	179	217
D	180	433
D	181	1728
D	182	1729
D	183	1730
D	184	1731
D	185	436
D	186	874
D	187	1750
D	188	1751
D	189	438
D	190	878
D	191	879
D	192	220
D	193	443
D	194	1768
D	195	1769
D	196	1770
D	197	1771
D	198	222
D	199	447
D	200	1784
D	201	1785
D	202	1786
D	203	1787
E	0	8
E	1	73
E	2	576
E	3	577
E	4	579
E	5	1156
E	6	1157
E	7	580
E	8	581
E	9	1164
E	10	1165
E	11	1166
E	12	1167
E	13	149
E	14	297
E	15	1184
E	16	1185
E	17	1186
E	18	1187
E	19	300
E	20	602
E	21	1206
E	22	1207
E	23	302
E	24	606
E	25	607
E	26	152
E	27	307
E	28	1224
E	29	1225
E	30	1226
E	31	1227
E	32	154
E	33	311
E	34	1240
E	35	1241
E	36	1242
E	37	1243
E	38	157
E	39	313
E	40	1248
E	41	1249
E	42	1250
E	43	1251
E	44	316
E	45	634
E	46	1270
E	47	1271
E	48	318
E	49	638
E	50	639
E	51	10
E	52	89
E	53	704
E	54	705
E	55	707
E	56	1412
E	57	1413
E	58	708
E	59	709
E	60	1420
E	61	1421
E	62	1422
E	63	1423
E	64	181
E	65	361
E	66	1440
E	67	1441
E	68	1442
E	69	1443
E	70	364
E	71	730
E	72	1462
E	73	1463
E	74	366
E	75	734
E	76	735
E	77	184
E	78	371
E	79	1480
E	80	1481
E	81	1482
E	82	1483
E	83	186
E	84	375
E	85	1496
E	86	1497
E	87	1498
E	88	1499
E	89	189
E	90	377
E	91	1504
E	92	1505
E	93	1506
E	94	1507
E	95	380
E	96	762
E	97	1526
E	98	1527
E	99	382
E	100	766
E	101	767
E	102	24
E	103	101
E	104	800
E	105	801
E	106	803
E	107	1604
E	108	1605
E	109	804
E	110	805
E	111	1612
E	112	1613
E	113	1614
E	114	1615
E	115	103
E	116	816
E	117	817
E	118	819
E	119	1636
E	120	1637
E	121	820
E	122	821
E	123	1644
E	124	1645
E	125	1646
E	126	1647
E	127	27
E	128	209
E	129	417
E	130	1664
E	131	1665
E	132	1666
E	133	1667
E	134	420
E	135	842
E	136	1686
E	137	1687
E	138	422
E	139	846
E	140	847
E	141	107
E	142	848
E	143	849
E	144	851
E	145	1700
E	146	1701
E	147	852
E	148	853
E	149	1708
E	150	1709
E	151	1710
E	152	1711
E	153	56
E	154	114
E	155	920
E	156	921
E	157	923
E	158	1844
E	159	1845
E	160	924
E	161	925
E	162	1852
E	163	1853
E	164	1854
E	165	1855
E	166	58
E	167	118
E	168	952
E	169	953
E	170	955
E	171	1908
E	172	1909
E	173	956
E	174	957
E	175	1916
E	176	1917
E	177	1918
E	178	1919
E	179	60
E	180	122
E	181	984
E	182	985
E	183	987
E	184	1972
E	185	1973
E	186	988
E	187	989
E	188	1980
E	189	1981
E	190	1982
E	191	1983
E	192	62
E	193	126
E	194	1016
E	195	1017
E	196	1019
E	197	2036
E	198	2037
E	199	1020
E	200	1021
E	201	2044
E	202	2045
E	203	2046
E	204	2047
F	0	16
F	1	69
F	2	544
F	3	545
F	4	547
F	5	1092
F	6	1093
F	7	548
F	8	549
F	9	1100
F	10	1101
F	11	1102
F	12	1103
F	13	71
F	14	560
F	15	561
F	16	563
F	17	1124
F	18	1125
F	19	564
F	20	565
F	21	1132
F	22	1133
F	23	1134
F	24	1135
F	25	19
F	26	145
F	27	289
F	28	1152
F	29	1153
F	30	1154
F	31	1155
F	32	292
F	33	586
F	34	1174
F	35	1175
F	36	294
F	37	590
F	38	591
F	39	75
F	40	592
F	41	593
F	42	595
F	43	1188
F	44	1189
F	45	596
F	46	597
F	47	1196
F	48	1197
F	49	1198
F	50	1199
F	51	40
F	52	82
F	53	664
F	54	665
F	55	667
F	56	1332
F	57	1333
F	58	668
F	59	669
F	60	1340
F	61	1341
F	62	1342
F	63	1343
F	64	42
F	65	86
F	66	696
F	67	697
F	68	699
F	69	1396
F	70	1397
F	71	700
F	72	701
F	73	1404
F	74	1405
F	75	1406
F	76	1407
F	77	44
F	78	90
F	79	728
F	80	729
F	81	731
F	82	1460
F	83	1461
F	84	732
F	85	733
F	86	1468
F	87	1469
F	88	1470
F	89	1471
F	90	46
F	91	94
F	92	760
F	93	761
F	94	763
F	95	1524
F	96	1525
F	97	764
F	98	765
F	99	1532
F	100	1533
F	101	1534
F	102	1535
F	103	12
F	104	105
F	105	832
F	106	833
F	107	835
F	108	1668
F	109	1669
F	110	836
F	111	837
F	112	1676
F	113	1677
F	114	1678
F	115	1679
F	116	213
F	117	425
F	118	1696
F	119	1697
F	120	1698
F	121	1699
F	122	428
F	123	858
F	124	1718
F	125	1719
F	126	430
F	127	862
F	128	863
F	129	216
F	130	435
F	131	1736
F	132	1737
F	133	1738
F	134	1739
F	135	218
F	136	439
F	137	1752
F	138	1753
F	139	1754
F	140	1755
F	141	221
F	142	441
F	143	1760
F	144	1761
F	145	1762
F	146	1763
F	147	444
F	148	890
F	149	1782
F	150	1783
F	151	446
F	152	894
F	153	895
F	154	14
F	155	121
F	156	960
F	157	961
F	158	963
F	159	1924
F	160	1925
F	161	964
F	162	965
F	163	1932
F	164	1933
F	165	1934
F	166	1935
F	167	245
F	168	489
F	169	1952
F	170	1953
F	171	1954
F	172	1955
F	173	492
F	174	986
F	175	1974
F	176	1975
F	177	494
F	178	990
F	179	991
F	180	248
F	181	499
F	182	1992
F	183	1993
F	184	1994
F	185	1995
F	186	250
F	187	503
F	188	2008
F	189	2009
F	190	2010
F	191	2011
F	192	253
F	193	505
F	194	2016
F	195	2017
F	196	2018
F	197	2019
F	198	508
F	199	1018
F	200	2038
F	201	2039
F	202	510
F	203	1022
F	204	1023
G	0	9
G	1	128
G	2	259
G	3	1032
G	4	1033
G	5	1034
G	6	1035
G	7	130
G	8	263
G	9	1048
G	10	1049
G	11	1050
G	12	1051
G	13	133
G	14	265
G	15	1056
G	16	1057
G	17	1058
G	18	1059
G	19	268
G	20	538
G	21	1078
G	22	1079
G	23	270
G	24	542
G	25	543
G	26	136
G	27	275
G	28	1096
G	29	1097
G	30	1098
G	31	1099
G	32	138
G	33	279
G	34	1112
G	35	1113
G	36	1114
G	37	1115
G	38	141
G	39	281
G	40	1120
G	41	1121
G	42	1122
G	43	1123
G	44	284
G	45	570
G	46	1142
G	47	1143
G	48	286
G	49	574
G	50	575
G	51	11
G	52	81
G	53	640
G	54	641
G	55	643
G	56	1284
G	57	1285
G	58	644
G	59	645
G	60	1292
G	61	1293
G	62	1294
G	63	1295
G	64	165
G	65	329
G	66	1312
G	67	1313
G	68	1314
G	69	1315
G	70	332
G	71	666
G	72	1334
G	73	1335
G	74	334
G	75	670
G	76	671
G	77	168
G	78	339
G	79	1352
G	80	1353
G	81	1354
G	82	1355
G	83	170
G	84	343
G	85	1368
G	86	1369
G	87	1370
G	88	1371
G	89	173
G	90	345
G	91	1376
G	92	1377
G	93	1378
G	94	1379
G	95	348
G	96	698
G	97	1398
G	98	1399
G	99	350
G	100	702
G	101	703
G	102	49
G	103	96
G	104	776
G	105	777
G	106	779
G	107	1556
G	108	1557
G	109	780
G	110	781
G	111	1564
G	112	1565
G	113	1566
G	114	1567
G	115	51
G	116	100
G	117	808
G	118	809
G	119	811
G	120	1620
G	121	1621
G	122	812
G	123	813
G	124	1628
G	125	1629
G	126	1630
G	127	1631
G	128	53
G	129	104
G	130	840
G	131	841
G	132	843
G	133	1684
G	134	1685
G	135	844
G	136	845
G	137	1692
G	138	1693
G	139	1694
G	140	1695
G	141	55
G	142	108
G	143	872
G	144	873
G	145	875
G	146	1748
G	147	1749
G	148	876
G	149	877
G	150	1756
G	151	1757
G	152	1758
G	153	1759
G	154	28
G	155	117
G	156	928
G	157	929
G	158	931
G	159	1860
G	160	1861
G	161	932
G	162	933
G	163	1868
G	164	1869
G	165	1870
G	166	1871
G	167	119
G	168	944
G	169	945
G	170	947
G	171	1892
G	172	1893
G	173	948
G	174	949
G	175	1900
G	176	1901
G	177	1902
G	178	1903
G	179	31
G	180	241
G	181	481
G	182	1920
G	183	1921
G	184	1922
G	185	1923
G	186	484
G	187	970
G	188	1942
G	189	1943
G	190	486
G	191	974
G	192	975
G	193	123
G	194	976
G	195	977
G	196	979
G	197	1956
G	198	1957
G	199	980
G	200	981
G	201	1964
G	202	1965
G	203	1966
G	204	1967
H	0	33
H	1	64
H	2	520
H	3	521
H	4	523
H	5	1044
H	6	1045
H	7	524
H	8	525
H	9	1052
H	10	1053
H	11	1054
H	12	1055
H	13	35
H	14	68
H	15	552
H	16	553
H	17	555
H	18	1108
H	19	1109
H	20	556
H	21	557
H	22	1116
H	23	1117
H	24	1118
H	25	1119
H	26	37
H	27	72
H	28	584
H	29	585
H	30	587
H	31	1172
H	32	1173
H	33	588
H	34	589
H	35	1180
H	36	1181
H	37	1182
H	38	1183
H	39	39
H	40	76
H	41	616
H	42	617
H	43	619
H	44	1236
H	45	1237
H	46	620
H	47	621
H	48	1244
H	49	1245
H	50	1246
H	51	1247
H	52	20
H	53	85
H	54	672
H	55	673
H	56	675
H	57	1348
H	58	1349
H	59	676
H	60	677
H	61	1356
H	62	1357
H	63	1358
H	64	1359
H	65	87
H	66	688
H	67	689
H	68	691
H	69	1380
H	70	1381
H	71	692
H	72	693
H	73	1388
H	74	1389
H	75	1390
H	76	1391
H	77	23
H	78	177
H	79	353
H	80	1408
H	81	1409
H	82	1410
H	83	1411
H	84	356
H	85	714
H	86	1430
H	87	1431
H	88	358
H	89	718
H	90	719
H	91	91
H	92	720
H	93	721
H	94	723
H	95	1444
H	96	1445
H	97	724
H	98	725
H	99	1452
H	100	1453
H	101	1454
H	102	1455
H	103	13
H	104	192
H	105	387
H	106	1544
H	107	1545
H	108	1546
H	109	1547
H	110	194
H	111	391
H	112	1560
H	113	1561
H	114	1562
H	115	1563
H	116	197
H	117	393
H	118	1568
H	119	1569
H	120	1570
H	121	1571
H	122	396
H	123	794
H	124	1590
H	125	1591
H	126	398
H	127	798
H	128	799
H	129	200
H	130	403
H	131	1608
H	132	1609
H	133	1610
H	134	1611
H	135	202
H	136	407
H	137	1624
H	138	1625
H	139	1626
H	140	1627
H	141	205
H	142	409
H	143	1632
H	144	1633
H	145	1634
H	146	1635
H	147	412
H	148	826
H	149	1654
H	150	1655
H	151	414
H	152	830
H	153	831
H	154	15
H	155	113
H	156	896
H	157	897
H	158	899
H	159	1796
H	160	1797
H	161	900
H	162	901
H	163	1804
H	164	1805
H	165	1806
H	166	1807
H	167	229
H	168	457
H	169	1824
H	170	1825
H	171	1826
H	172	1827
H	173	460
H	174	922
H	175	1846
H	176	1847
H	177	462
H	178	926
H	179	927
H	180	232
H	181	467
H	182	1864
H	183	1865
H	184	1866
H	185	1867
H	186	234
H	187	471
H	188	1880
H	189	1881
H	190	1882
H	191	1883
H	192	237
H	193	473
H	194	1888
H	195	1889
H	196	1890
H	197	1891
H	198	476
H	199	954
H	200	1910
H	201	1911
H	202	478
H	203	958
H	204	959
I	0	32
I	1	66
I	2	536
I	3	537
I	4	539
I	5	1076
I	6	1077
I	7	540
I	8	541
I	9	1084
I	10	1085
I	11	1086
I	12	1087
I	13	34
I	14	70
I	15	568
I	16	569
I	17	571
I	18	1140
I	19	1141
I	20	572
I	21	573
I	22	1148
I	23	1149
I	24	1150
I	25	1151
I	26	18
I	27	77
I	28	608
I	29	609
I	30	611
I	31	1220
I	32	1221
I	33	612
I	34	613
I	35	1228
I	36	1229
I	37	1230
I	38	1231
I	39	79
I	40	624
I	41	625
I	42	627
I	43	1252
I	44	1253
I	45	628
I	46	629
I	47	1260
I	48	1261
I	49	1262
I	50	1263
I	51	21
I	52	161
I	53	321
I	54	1280
I	55	1281
I	56	1282
I	57	1283
I	58	324
I	59	650
I	60	1302
I	61	1303
I	62	326
I	63	654
I	64	655
I	65	83
I	66	656
I	67	657
I	68	659
I	69	1316
I	70	1317
I	71	660
I	72	661
I	73	1324
I	74	1325
I	75	1326
I	76	1327
I	77	22
I	78	93
I	79	736
I	80	737
I	81	739
I	82	1476
I	83	1477
I	84	740
I	85	741
I	86	1484
I	87	1485
I	88	1486
I	89	1487
I	90	95
I	91	752
I	92	753
I	93	755
I	94	1508
I	95	1509
I	96	756
I	97	757
I	98	1516
I	99	1517
I	100	1518
I	101	1519
I	102	25
I	103	97
I	104	768
I	105	769
I	106	771
I	107	1540
I	108	1541
I	109	772
I	110	773
I	111	1548
I	112	1549
I	113	1550
I	114	1551
I	115	99
I	116	784
I	117	785
I	118	787
I	119	1572
I	120	1573
I	121	788
I	122	789
I	123	1580
I	124	1581
I	125	1582
I	126	1583
I	127	52
I	128	106
I	129	856
I	130	857
I	131	859
I	132	1716
I	133	1717
I	134	860
I	135	861
I	136	1724
I	137	1725
I	138	1726
I	139	1727
I	140	54
I	141	110
I	142	888
I	143	889
I	144	891
I	145	1780
I	146	1781
I	147	892
I	148	893
I	149	1788
I	150	1789
I	151	1790
I	152	1791
I	153	57
I	154	112
I	155	904
I	156	905
I	157	907
I	158	1812
I	159	1813
I	160	908
I	161	909
I	162	1820
I	163	1821
I	164	1822
I	165	1823
I	166	59
I	167	116
I	168	936
I	169	937
I	170	939
I	171	1876
I	172	1877
I	173	940
I	174	941
I	175	1884
I	176	1885
I	177	1886
I	178	1887
I	179	61
I	180	120
I	181	968
I	182	969
I	183	971
I	184	1940
I	185	1941
I	186	972
I	187	973
I	188	1948
I	189	1949
I	190	1950
I	191	1951
I	192	63
I	193	124
I	194	1000
I	195	1001
I	196	1003
I	197	2004
I	198	2005
I	199	1004
I	200	1005
I	201	2012
I	202	2013
I	203	2014
I	204	2015
J	0	17
J	1	65
J	2	512
J	3	513
J	4	515
J	5	1028
J	6	1029
J	7	516
J	8	517
J	9	1036
J	10	1037
J	11	1038
J	12	1039
J	13	67
J	14	528
J	15	529
J	16	531
J	17	1060
J	18	1061
J	19	532
J	20	533
J	21	1068
J	22	1069
J	23	1070
J	24	1071
J	25	36
J	26	74
J	27	600
J	28	601
J	29	603
J	30	1204
J	31	1205
J	32	604
J	33	605
J	34	1212
J	35	1213
J	36	1214
J	37	1215
J	38	38
J	39	78
J	40	632
J	41	633
J	42	635
J	43	1268
J	44	1269
J	45	636
J	46	637
J	47	1276
J	48	1277
J	49	1278
J	50	1279
J	51	41
J	52	80
J	53	648
J	54	649
J	55	651
J	56	1300
J	57	1301
J	58	652
J	59	653
J	60	1308
J	61	1309
J	62	1310
J	63	1311
J	64	43
J	65	84
J	66	680
J	67	681
J	68	683
J	69	1364
J	70	1365
J	71	684
J	72	685
J	73	1372
J	74	1373
J	75	1374
J	76	1375
J	77	45
J	78	88
J	79	712
J	80	713
J	81	715
J	82	1428
J	83	1429
J	84	716
J	85	717
J	86	1436
J	87	1437
J	88	1438
J	89	1439
J	90	47
J	91	92
J	92	744
J	93	745
J	94	747
J	95	1492
J	96	1493
J	97	748
J	98	749
J	99	1500
J	100	1501
J	101	1502
J	102	1503
J	103	48
J	104	98
J	105	792
J	106	793
J	107	795
J	108	1588
J	109	1589
J	110	796
J	111	797
J	112	1596
J	113	1597
J	114	1598
J	115	1599
J	116	50
J	117	102
J	118	824
J	119	825
J	120	827
J	121	1652
J	122	1653
J	123	828
J	124	829
J	125	1660
J	126	1661
J	127	1662
J	128	1663
J	129	26
J	130	109
J	131	864
J	132	865
J	133	867
J	134	1732
J	135	1733
J	136	868
J	137	869
J	138	1740
J	139	1741
J	140	1742
J	141	1743
J	142	111
J	143	880
J	144	881
J	145	883
J	146	1764
J	147	1765
J	148	884
J	149	885
J	150	1772
J	151	1773
J	152	1774
J	153	1775
J	154	29
J	155	225
J	156	449
J	157	1792
J	158	1793
J	159	1794
J	160	1795
J	161	452
J	162	906
J	163	1814
J	164	1815
J	165	454
J	166	910
J	167	911
J	168	115
J	169	912
J	170	913
J	171	915
J	172	1828
J	173	1829
J	174	916
J	175	917
J	176	1836
J	177	1837
J	178	1838
J	179	1839
J	180	30
J	181	125
J	182	992
J	183	993
J	184	995
J	185	1988
J	186	1989
J	187	996
J	188	997
J	189	1996
J	190	1997
J	191	1998
J	192	1999
J	193	127
J	194	1008
J	195	1009
J	196	1011
J	197	2020
J	198	2021
J	199	1012
J	200	1013
J	201	2028
J	202	2029
J	203	2030
J	204	2031
