case,height,occupied,strategy,active_records,width,max_bucket,proofs_checked,materialized_hash_nodes,passed,check_runtime_ms
exhaustive_h0_mask0,0,0,activebalance,0,0,0,0,0,True,0.12139999307692051
exhaustive_h0_mask1,0,1,activebalance,0,0,0,1,1,True,0.09330001194030046
exhaustive_h1_mask0,1,0,activebalance,0,0,0,0,0,True,0.03799994010478258
exhaustive_h1_mask1,1,1,activebalance,0,0,0,1,2,True,0.37160003557801247
exhaustive_h1_mask2,1,1,activebalance,0,0,0,1,2,True,0.06180000491440296
exhaustive_h1_mask3,1,2,activebalance,2,1,2,2,3,True,0.26950007304549217
exhaustive_h2_mask0,2,0,activebalance,0,0,0,0,0,True,0.03390002530068159
exhaustive_h2_mask1,2,1,activebalance,0,0,0,1,3,True,0.06009999196976423
exhaustive_h2_mask2,2,1,activebalance,0,0,0,1,3,True,0.056299963034689426
exhaustive_h2_mask3,2,2,activebalance,2,1,2,2,4,True,0.1984999980777502
exhaustive_h2_mask4,2,1,activebalance,0,0,0,1,3,True,0.06150000263005495
exhaustive_h2_mask5,2,2,activebalance,2,1,2,2,5,True,0.17849996220320463
exhaustive_h2_mask6,2,2,activebalance,2,1,2,2,5,True,0.17220003064721823
exhaustive_h2_mask7,2,3,activebalance,4,2,2,3,6,True,0.2888999879360199
exhaustive_h2_mask8,2,1,activebalance,0,0,0,1,3,True,0.05789997521787882
exhaustive_h2_mask9,2,2,activebalance,2,1,2,2,5,True,0.15680002979934216
exhaustive_h2_mask10,2,2,activebalance,2,1,2,2,5,True,0.15569990500807762
exhaustive_h2_mask11,2,3,activebalance,4,2,2,3,6,True,0.25589996948838234
exhaustive_h2_mask12,2,2,activebalance,2,1,2,2,4,True,0.17959997057914734
exhaustive_h2_mask13,2,3,activebalance,4,2,2,3,6,True,0.24159997701644897
exhaustive_h2_mask14,2,3,activebalance,4,2,2,3,6,True,0.21490000654011965
exhaustive_h2_mask15,2,4,activebalance,6,2,3,4,7,True,0.29340002220124006
exhaustive_h3_mask0,3,0,activebalance,0,0,0,0,0,True,0.030499999411404133
exhaustive_h3_mask1,3,1,activebalance,0,0,0,1,4,True,0.05619996227324009
exhaustive_h3_mask2,3,1,activebalance,0,0,0,1,4,True,0.05370005965232849
exhaustive_h3_mask3,3,2,activebalance,2,1,2,2,5,True,0.15119998715817928
exhaustive_h3_mask4,3,1,activebalance,0,0,0,1,4,True,0.05830009467899799
exhaustive_h3_mask5,3,2,activebalance,2,1,2,2,6,True,0.15119998715817928
exhaustive_h3_mask6,3,2,activebalance,2,1,2,2,6,True,0.215300009585917
exhaustive_h3_mask7,3,3,activebalance,4,2,2,3,7,True,0.5486999871209264
exhaustive_h3_mask8,3,1,activebalance,0,0,0,1,4,True,0.05249993409961462
exhaustive_h3_mask9,3,2,activebalance,2,1,2,2,6,True,0.1455999445170164
exhaustive_h3_mask10,3,2,activebalance,2,1,2,2,6,True,0.4904000088572502
exhaustive_h3_mask11,3,3,activebalance,4,2,2,3,7,True,0.4249000921845436
exhaustive_h3_mask12,3,2,activebalance,2,1,2,2,5,True,0.14460005331784487
exhaustive_h3_mask13,3,3,activebalance,4,2,2,3,7,True,0.22660009562969208
exhaustive_h3_mask14,3,3,activebalance,4,2,2,3,7,True,0.19890000112354755
exhaustive_h3_mask15,3,4,activebalance,6,2,3,4,8,True,0.25889999233186245
exhaustive_h3_mask16,3,1,activebalance,0,0,0,1,4,True,0.04600000102072954
exhaustive_h3_mask17,3,2,activebalance,2,1,2,2,7,True,0.11769996490329504
exhaustive_h3_mask18,3,2,activebalance,2,1,2,2,7,True,0.11449994053691626
exhaustive_h3_mask19,3,3,activebalance,4,2,2,3,8,True,0.1846000086516142
exhaustive_h3_mask20,3,2,activebalance,2,1,2,2,7,True,0.11589995119720697
exhaustive_h3_mask21,3,3,activebalance,4,2,2,3,9,True,0.18610002007335424
exhaustive_h3_mask22,3,3,activebalance,4,2,2,3,9,True,0.20779995247721672
exhaustive_h3_mask23,3,4,activebalance,6,3,2,4,10,True,0.25779998395591974
exhaustive_h3_mask24,3,2,activebalance,2,1,2,2,7,True,0.14100002590566874
exhaustive_h3_mask25,3,3,activebalance,4,2,2,3,9,True,0.18530001398175955
exhaustive_h3_mask26,3,3,activebalance,4,2,2,3,9,True,0.17779995687305927
exhaustive_h3_mask27,3,4,activebalance,6,3,2,4,10,True,0.25859999004751444
exhaustive_h3_mask28,3,3,activebalance,4,2,2,3,8,True,0.1748999347910285
exhaustive_h3_mask29,3,4,activebalance,6,3,2,4,10,True,0.27089996729046106
exhaustive_h3_mask30,3,4,activebalance,6,3,2,4,10,True,0.25459995958954096
exhaustive_h3_mask31,3,5,activebalance,8,3,3,5,11,True,0.3173999721184373
exhaustive_h3_mask32,3,1,activebalance,0,0,0,1,4,True,0.0439999857917428
exhaustive_h3_mask33,3,2,activebalance,2,1,2,2,7,True,0.11570006608963013
exhaustive_h3_mask34,3,2,activebalance,2,1,2,2,7,True,0.16090006101876497
exhaustive_h3_mask35,3,3,activebalance,4,2,2,3,8,True,0.17809995915740728
exhaustive_h3_mask36,3,2,activebalance,2,1,2,2,7,True,0.11329993139952421
exhaustive_h3_mask37,3,3,activebalance,4,2,2,3,9,True,0.17779995687305927
exhaustive_h3_mask38,3,3,activebalance,4,2,2,3,9,True,0.17580005805939436
exhaustive_h3_mask39,3,4,activebalance,6,3,2,4,10,True,0.2463000128045678
exhaustive_h3_mask40,3,2,activebalance,2,1,2,2,7,True,0.2297000028192997
exhaustive_h3_mask41,3,3,activebalance,4,2,2,3,9,True,0.25049992837011814
exhaustive_h3_mask42,3,3,activebalance,4,2,2,3,9,True,0.19699998665601015
exhaustive_h3_mask43,3,4,activebalance,6,3,2,4,10,True,0.27279998175799847
exhaustive_h3_mask44,3,3,activebalance,4,2,2,3,8,True,0.4330000374466181
exhaustive_h3_mask45,3,4,activebalance,6,3,2,4,10,True,0.43210003059357405
exhaustive_h3_mask46,3,4,activebalance,6,3,2,4,10,True,0.30529999639838934
exhaustive_h3_mask47,3,5,activebalance,8,3,3,5,11,True,0.3423000453040004
exhaustive_h3_mask48,3,2,activebalance,2,1,2,2,5,True,0.11799996718764305
exhaustive_h3_mask49,3,3,activebalance,4,2,2,3,8,True,0.179499969817698
exhaustive_h3_mask50,3,3,activebalance,4,2,2,3,8,True,0.17509993631392717
exhaustive_h3_mask51,3,4,activebalance,6,2,3,4,9,True,0.2362000523135066
exhaustive_h3_mask52,3,3,activebalance,4,2,2,3,8,True,0.4585999995470047
exhaustive_h3_mask53,3,4,activebalance,6,2,3,4,10,True,0.2277999883517623
exhaustive_h3_mask54,3,4,activebalance,6,2,3,4,10,True,0.21980004385113716
exhaustive_h3_mask55,3,5,activebalance,8,3,3,5,11,True,0.47720002476125956
exhaustive_h3_mask56,3,3,activebalance,4,2,2,3,8,True,0.19459996838122606
exhaustive_h3_mask57,3,4,activebalance,6,2,3,4,10,True,0.2277999883517623
exhaustive_h3_mask58,3,4,activebalance,6,2,3,4,10,True,0.228899996727705
exhaustive_h3_mask59,3,5,activebalance,8,3,3,5,11,True,0.3388000186532736
exhaustive_h3_mask60,3,4,activebalance,6,2,3,4,9,True,0.2253999700769782
exhaustive_h3_mask61,3,5,activebalance,8,3,3,5,11,True,0.3497999859973788
exhaustive_h3_mask62,3,5,activebalance,8,3,3,5,11,True,0.33469998743385077
exhaustive_h3_mask63,3,6,activebalance,10,3,4,6,12,True,0.3622999647632241
exhaustive_h3_mask64,3,1,activebalance,0,0,0,1,4,True,0.04429998807609081
exhaustive_h3_mask65,3,2,activebalance,2,1,2,2,7,True,0.11429993901401758
exhaustive_h3_mask66,3,2,activebalance,2,1,2,2,7,True,0.12879993300884962
exhaustive_h3_mask67,3,3,activebalance,4,2,2,3,8,True,0.31130004208534956
exhaustive_h3_mask68,3,2,activebalance,2,1,2,2,7,True,0.13560010120272636
exhaustive_h3_mask69,3,3,activebalance,4,2,2,3,9,True,0.2882999833673239
exhaustive_h3_mask70,3,3,activebalance,4,2,2,3,9,True,0.23720005992799997
exhaustive_h3_mask71,3,4,activebalance,6,3,2,4,10,True,0.3746000584214926
exhaustive_h3_mask72,3,2,activebalance,2,1,2,2,7,True,0.3197999903932214
exhaustive_h3_mask73,3,3,activebalance,4,2,2,3,9,True,0.32190000638365746
exhaustive_h3_mask74,3,3,activebalance,4,2,2,3,9,True,0.2114999806508422
exhaustive_h3_mask75,3,4,activebalance,6,3,2,4,10,True,0.27219997718930244
exhaustive_h3_mask76,3,3,activebalance,4,2,2,3,8,True,0.1903000520542264
exhaustive_h3_mask77,3,4,activebalance,6,3,2,4,10,True,0.26190001517534256
exhaustive_h3_mask78,3,4,activebalance,6,3,2,4,10,True,0.27489999774843454
exhaustive_h3_mask79,3,5,activebalance,8,3,3,5,11,True,0.3252999158576131
exhaustive_h3_mask80,3,2,activebalance,2,1,2,2,6,True,0.12039998546242714
exhaustive_h3_mask81,3,3,activebalance,4,2,2,3,9,True,0.18850003834813833
exhaustive_h3_mask82,3,3,activebalance,4,2,2,3,9,True,0.19160006195306778
exhaustive_h3_mask83,3,4,activebalance,6,2,3,4,10,True,0.2383999526500702
exhaustive_h3_mask84,3,3,activebalance,4,2,2,3,9,True,0.18720002844929695
exhaustive_h3_mask85,3,4,activebalance,6,2,3,4,11,True,0.2421000972390175
exhaustive_h3_mask86,3,4,activebalance,6,2,3,4,11,True,1.2606000527739525
exhaustive_h3_mask87,3,5,activebalance,8,3,3,5,12,True,0.35500002559274435
exhaustive_h3_mask88,3,3,activebalance,4,2,2,3,9,True,0.1810999820008874
exhaustive_h3_mask89,3,4,activebalance,6,2,3,4,11,True,0.41340000461786985
exhaustive_h3_mask90,3,4,activebalance,6,2,3,4,11,True,0.2604000037536025
exhaustive_h3_mask91,3,5,activebalance,8,3,3,5,12,True,0.35149999894201756
exhaustive_h3_mask92,3,4,activebalance,6,2,3,4,10,True,0.32739993184804916
exhaustive_h3_mask93,3,5,activebalance,8,3,3,5,12,True,0.5680000176653266
exhaustive_h3_mask94,3,5,activebalance,8,3,3,5,12,True,0.5273000570014119
exhaustive_h3_mask95,3,6,activebalance,10,3,4,6,13,True,0.430600019171834
exhaustive_h3_mask96,3,2,activebalance,2,1,2,2,6,True,0.12399989645928144
exhaustive_h3_mask97,3,3,activebalance,4,2,2,3,9,True,0.19200006499886513
exhaustive_h3_mask98,3,3,activebalance,4,2,2,3,9,True,0.18710002768784761
exhaustive_h3_mask99,3,4,activebalance,6,2,3,4,10,True,0.23769994731992483
exhaustive_h3_mask100,3,3,activebalance,4,2,2,3,9,True,0.18770003225654364
exhaustive_h3_mask101,3,4,activebalance,6,2,3,4,11,True,0.2397999633103609
exhaustive_h3_mask102,3,4,activebalance,6,2,3,4,11,True,0.23209990467876196
exhaustive_h3_mask103,3,5,activebalance,8,3,3,5,12,True,0.3470000810921192
exhaustive_h3_mask104,3,3,activebalance,4,2,2,3,9,True,0.18089998047798872
exhaustive_h3_mask105,3,4,activebalance,6,2,3,4,11,True,0.3244000254198909
exhaustive_h3_mask106,3,4,activebalance,6,2,3,4,11,True,0.3032000968232751
exhaustive_h3_mask107,3,5,activebalance,8,3,3,5,12,True,0.3972999984398484
exhaustive_h3_mask108,3,4,activebalance,6,2,3,4,10,True,0.26659993454813957
exhaustive_h3_mask109,3,5,activebalance,8,3,3,5,12,True,0.38950005546212196
exhaustive_h3_mask110,3,5,activebalance,8,3,3,5,12,True,0.40140002965927124
exhaustive_h3_mask111,3,6,activebalance,10,3,4,6,13,True,0.7371999090537429
exhaustive_h3_mask112,3,3,activebalance,4,2,2,3,7,True,0.25729998014867306
exhaustive_h3_mask113,3,4,activebalance,6,3,2,4,10,True,0.8057999657467008
exhaustive_h3_mask114,3,4,activebalance,6,3,2,4,10,True,0.4015999147668481
exhaustive_h3_mask115,3,5,activebalance,8,3,3,5,11,True,0.4592000041157007
exhaustive_h3_mask116,3,4,activebalance,6,3,2,4,10,True,0.3239000216126442
exhaustive_h3_mask117,3,5,activebalance,8,3,3,5,12,True,0.638199970126152
exhaustive_h3_mask118,3,5,activebalance,8,3,3,5,12,True,0.4907000111415982
exhaustive_h3_mask119,3,6,activebalance,10,3,4,6,13,True,0.534999999217689
exhaustive_h3_mask120,3,4,activebalance,6,3,2,4,10,True,0.35610003396868706
exhaustive_h3_mask121,3,5,activebalance,8,3,3,5,12,True,0.6480999290943146
exhaustive_h3_mask122,3,5,activebalance,8,3,3,5,12,True,0.4789999220520258
exhaustive_h3_mask123,3,6,activebalance,10,3,4,6,13,True,0.45219995081424713
exhaustive_h3_mask124,3,5,activebalance,8,3,3,5,11,True,0.4143000114709139
exhaustive_h3_mask125,3,6,activebalance,10,3,4,6,13,True,0.7035000016912818
exhaustive_h3_mask126,3,6,activebalance,10,3,4,6,13,True,0.6558999884873629
exhaustive_h3_mask127,3,7,activebalance,12,3,5,7,14,True,0.6767999147996306
exhaustive_h3_mask128,3,1,activebalance,0,0,0,1,4,True,0.07159996312111616
exhaustive_h3_mask129,3,2,activebalance,2,1,2,2,7,True,0.18119998276233673
exhaustive_h3_mask130,3,2,activebalance,2,1,2,2,7,True,0.1713000237941742
exhaustive_h3_mask131,3,3,activebalance,4,2,2,3,8,True,0.25319994892925024
exhaustive_h3_mask132,3,2,activebalance,2,1,2,2,7,True,0.15490001533180475
exhaustive_h3_mask133,3,3,activebalance,4,2,2,3,9,True,0.24740002118051052
exhaustive_h3_mask134,3,3,activebalance,4,2,2,3,9,True,0.2452000044286251
exhaustive_h3_mask135,3,4,activebalance,6,3,2,4,10,True,0.3515999997034669
exhaustive_h3_mask136,3,2,activebalance,2,1,2,2,7,True,0.1531000016257167
exhaustive_h3_mask137,3,3,activebalance,4,2,2,3,9,True,0.24079997092485428
exhaustive_h3_mask138,3,3,activebalance,4,2,2,3,9,True,0.26570004411041737
exhaustive_h3_mask139,3,4,activebalance,6,3,2,4,10,True,0.36800000816583633
exhaustive_h3_mask140,3,3,activebalance,4,2,2,3,8,True,0.2578999847173691
exhaustive_h3_mask141,3,4,activebalance,6,3,2,4,10,True,0.36750000435858965
exhaustive_h3_mask142,3,4,activebalance,6,3,2,4,10,True,0.3958999877795577
exhaustive_h3_mask143,3,5,activebalance,8,3,3,5,11,True,6.8159999791532755
exhaustive_h3_mask144,3,2,activebalance,2,1,2,2,6,True,0.2573000965639949
exhaustive_h3_mask145,3,3,activebalance,4,2,2,3,9,True,0.33660000190138817
exhaustive_h3_mask146,3,3,activebalance,4,2,2,3,9,True,0.3266999265179038
exhaustive_h3_mask147,3,4,activebalance,6,2,3,4,10,True,0.4564999835565686
exhaustive_h3_mask148,3,3,activebalance,4,2,2,3,9,True,0.30670000705868006
exhaustive_h3_mask149,3,4,activebalance,6,2,3,4,11,True,0.5700000328943133
exhaustive_h3_mask150,3,4,activebalance,6,2,3,4,11,True,0.4369000671431422
exhaustive_h3_mask151,3,5,activebalance,8,3,3,5,12,True,0.6139000179246068
exhaustive_h3_mask152,3,3,activebalance,4,2,2,3,9,True,0.32079999800771475
exhaustive_h3_mask153,3,4,activebalance,6,2,3,4,11,True,0.3999000182375312
exhaustive_h3_mask154,3,4,activebalance,6,2,3,4,11,True,0.38700003642588854
exhaustive_h3_mask155,3,5,activebalance,8,3,3,5,12,True,0.5922999698668718
exhaustive_h3_mask156,3,4,activebalance,6,2,3,4,10,True,0.3861000295728445
exhaustive_h3_mask157,3,5,activebalance,8,3,3,5,12,True,0.6162999197840691
exhaustive_h3_mask158,3,5,activebalance,8,3,3,5,12,True,0.6093999836593866
exhaustive_h3_mask159,3,6,activebalance,10,3,4,6,13,True,0.6773999193683267
exhaustive_h3_mask160,3,2,activebalance,2,1,2,2,6,True,0.21570001263171434
exhaustive_h3_mask161,3,3,activebalance,4,2,2,3,9,True,0.34650007728487253
exhaustive_h3_mask162,3,3,activebalance,4,2,2,3,9,True,0.3415000392124057
exhaustive_h3_mask163,3,4,activebalance,6,2,3,4,10,True,0.46749995090067387
exhaustive_h3_mask164,3,3,activebalance,4,2,2,3,9,True,0.3212000010535121
exhaustive_h3_mask165,3,4,activebalance,6,2,3,4,11,True,0.38330000825226307
exhaustive_h3_mask166,3,4,activebalance,6,2,3,4,11,True,0.6362999556586146
exhaustive_h3_mask167,3,5,activebalance,8,3,3,5,12,True,0.5914000794291496
exhaustive_h3_mask168,3,3,activebalance,4,2,2,3,9,True,0.27790002059191465
exhaustive_h3_mask169,3,4,activebalance,6,2,3,4,11,True,0.3556999145075679
exhaustive_h3_mask170,3,4,activebalance,6,2,3,4,11,True,0.34579995553940535
exhaustive_h3_mask171,3,5,activebalance,8,3,3,5,12,True,0.5588000640273094
exhaustive_h3_mask172,3,4,activebalance,6,2,3,4,10,True,0.3845000173896551
exhaustive_h3_mask173,3,5,activebalance,8,3,3,5,12,True,0.636699958704412
exhaustive_h3_mask174,3,5,activebalance,8,3,3,5,12,True,0.6701000966131687
exhaustive_h3_mask175,3,6,activebalance,10,3,4,6,13,True,0.8979999693110585
exhaustive_h3_mask176,3,3,activebalance,4,2,2,3,7,True,0.49299991223961115
exhaustive_h3_mask177,3,4,activebalance,6,3,2,4,10,True,0.5632000975310802
exhaustive_h3_mask178,3,4,activebalance,6,3,2,4,10,True,0.7523000240325928
exhaustive_h3_mask179,3,5,activebalance,8,3,3,5,11,True,0.7758999709039927
exhaustive_h3_mask180,3,4,activebalance,6,3,2,4,10,True,0.5332001019269228
exhaustive_h3_mask181,3,5,activebalance,8,3,3,5,12,True,0.6030000513419509
exhaustive_h3_mask182,3,5,activebalance,8,3,3,5,12,True,0.5722000496461987
exhaustive_h3_mask183,3,6,activebalance,10,3,4,6,13,True,0.6520000752061605
exhaustive_h3_mask184,3,4,activebalance,6,3,2,4,10,True,0.5738000618293881
exhaustive_h3_mask185,3,5,activebalance,8,3,3,5,12,True,0.6874999962747097
exhaustive_h3_mask186,3,5,activebalance,8,3,3,5,12,True,0.9340000106021762
exhaustive_h3_mask187,3,6,activebalance,10,3,4,6,13,True,0.9614999871701002
exhaustive_h3_mask188,3,5,activebalance,8,3,3,5,11,True,1.1091000633314252
exhaustive_h3_mask189,3,6,activebalance,10,3,4,6,13,True,0.8781999349594116
exhaustive_h3_mask190,3,6,activebalance,10,3,4,6,13,True,0.7269000634551048
exhaustive_h3_mask191,3,7,activebalance,12,3,5,7,14,True,0.7485999958589673
exhaustive_h3_mask192,3,2,activebalance,2,1,2,2,5,True,0.21460000425577164
exhaustive_h3_mask193,3,3,activebalance,4,2,2,3,8,True,0.328000052832067
exhaustive_h3_mask194,3,3,activebalance,4,2,2,3,8,True,0.35310001112520695
exhaustive_h3_mask195,3,4,activebalance,6,2,3,4,9,True,0.46799995470792055
exhaustive_h3_mask196,3,3,activebalance,4,2,2,3,8,True,0.35230000503361225
exhaustive_h3_mask197,3,4,activebalance,6,2,3,4,10,True,0.7665000157430768
exhaustive_h3_mask198,3,4,activebalance,6,2,3,4,10,True,0.5244000349193811
exhaustive_h3_mask199,3,5,activebalance,8,3,3,5,11,True,1.0876000160351396
exhaustive_h3_mask200,3,3,activebalance,4,2,2,3,8,True,0.6229999708011746
exhaustive_h3_mask201,3,4,activebalance,6,2,3,4,10,True,0.46209990978240967
exhaustive_h3_mask202,3,4,activebalance,6,2,3,4,10,True,0.42539997957646847
exhaustive_h3_mask203,3,5,activebalance,8,3,3,5,11,True,0.7106999401003122
exhaustive_h3_mask204,3,4,activebalance,6,2,3,4,9,True,0.4515000618994236
exhaustive_h3_mask205,3,5,activebalance,8,3,3,5,11,True,0.7365000201389194
exhaustive_h3_mask206,3,5,activebalance,8,3,3,5,11,True,0.77479996252805
exhaustive_h3_mask207,3,6,activebalance,10,3,4,6,12,True,1.2092000106349587
exhaustive_h3_mask208,3,3,activebalance,4,2,2,3,7,True,0.5805999971926212
exhaustive_h3_mask209,3,4,activebalance,6,3,2,4,10,True,0.7785999914631248
exhaustive_h3_mask210,3,4,activebalance,6,3,2,4,10,True,0.7384000346064568
exhaustive_h3_mask211,3,5,activebalance,8,3,3,5,11,True,0.7953000022098422
exhaustive_h3_mask212,3,4,activebalance,6,3,2,4,10,True,0.5775999743491411
exhaustive_h3_mask213,3,5,activebalance,8,3,3,5,12,True,0.7239000406116247
exhaustive_h3_mask214,3,5,activebalance,8,3,3,5,12,True,0.6709999870508909
exhaustive_h3_mask215,3,6,activebalance,10,3,4,6,13,True,0.694400048814714
exhaustive_h3_mask216,3,4,activebalance,6,3,2,4,10,True,0.45469996985048056
exhaustive_h3_mask217,3,5,activebalance,8,3,3,5,12,True,0.9447999764233828
exhaustive_h3_mask218,3,5,activebalance,8,3,3,5,12,True,0.7518000202253461
exhaustive_h3_mask219,3,6,activebalance,10,3,4,6,13,True,0.8117000106722116
exhaustive_h3_mask220,3,5,activebalance,8,3,3,5,11,True,0.7566999411210418
exhaustive_h3_mask221,3,6,activebalance,10,3,4,6,13,True,0.6850000936537981
exhaustive_h3_mask222,3,6,activebalance,10,3,4,6,13,True,0.6700999801978469
exhaustive_h3_mask223,3,7,activebalance,12,3,5,7,14,True,0.749099999666214
exhaustive_h3_mask224,3,3,activebalance,4,2,2,3,7,True,0.37949997931718826
exhaustive_h3_mask225,3,4,activebalance,6,3,2,4,10,True,0.5408999277278781
exhaustive_h3_mask226,3,4,activebalance,6,3,2,4,10,True,0.5147999618202448
exhaustive_h3_mask227,3,5,activebalance,8,3,3,5,11,True,0.9830999188125134
exhaustive_h3_mask228,3,4,activebalance,6,3,2,4,10,True,0.8242999901995063
exhaustive_h3_mask229,3,5,activebalance,8,3,3,5,12,True,0.7030999986454844
exhaustive_h3_mask230,3,5,activebalance,8,3,3,5,12,True,0.6690999725833535
exhaustive_h3_mask231,3,6,activebalance,10,3,4,6,13,True,0.7729000644758344
exhaustive_h3_mask232,3,4,activebalance,6,3,2,4,10,True,0.5035999929532409
exhaustive_h3_mask233,3,5,activebalance,8,3,3,5,12,True,0.7299999706447124
exhaustive_h3_mask234,3,5,activebalance,8,3,3,5,12,True,0.7091999286785722
exhaustive_h3_mask235,3,6,activebalance,10,3,4,6,13,True,0.727799953892827
exhaustive_h3_mask236,3,5,activebalance,8,3,3,5,11,True,0.6384999724105
exhaustive_h3_mask237,3,6,activebalance,10,3,4,6,13,True,1.0252000065520406
exhaustive_h3_mask238,3,6,activebalance,10,3,4,6,13,True,0.6892998935654759
exhaustive_h3_mask239,3,7,activebalance,12,3,5,7,14,True,0.7362000178545713
exhaustive_h3_mask240,3,4,activebalance,6,2,3,4,8,True,0.3701000241562724
exhaustive_h3_mask241,3,5,activebalance,8,3,3,5,11,True,0.4906000103801489
exhaustive_h3_mask242,3,5,activebalance,8,3,3,5,11,True,0.685499981045723
exhaustive_h3_mask243,3,6,activebalance,10,3,4,6,12,True,0.7812000112608075
exhaustive_h3_mask244,3,5,activebalance,8,3,3,5,11,True,0.5119999404996634
exhaustive_h3_mask245,3,6,activebalance,10,3,4,6,13,True,0.645600026473403
exhaustive_h3_mask246,3,6,activebalance,10,3,4,6,13,True,0.6652000593021512
exhaustive_h3_mask247,3,7,activebalance,12,3,5,7,14,True,0.8825999684631824
exhaustive_h3_mask248,3,5,activebalance,8,3,3,5,11,True,0.7148999720811844
exhaustive_h3_mask249,3,6,activebalance,10,3,4,6,13,True,0.7337999995797873
exhaustive_h3_mask250,3,6,activebalance,10,3,4,6,13,True,0.69500005338341
exhaustive_h3_mask251,3,7,activebalance,12,3,5,7,14,True,0.7647998863831162
exhaustive_h3_mask252,3,6,activebalance,10,3,4,6,12,True,0.7323999889194965
exhaustive_h3_mask253,3,7,activebalance,12,3,5,7,14,True,0.813600025139749
exhaustive_h3_mask254,3,7,activebalance,12,3,5,7,14,True,0.8902999106794596
exhaustive_h3_mask255,3,8,activebalance,14,3,5,8,15,True,1.1449999874457717
h128_empty,128,0,first_fit,0,0,0,0,0,True,0.26270002126693726
h128_empty,128,0,hybrid,0,0,0,0,0,True,0.305800000205636
h128_empty,128,0,activebalance,0,0,0,0,0,True,0.3279999364167452
h128_singleton,128,1,first_fit,0,0,0,1,129,True,1.154600060544908
h128_singleton,128,1,hybrid,0,0,0,1,129,True,1.1222000466659665
h128_singleton,128,1,activebalance,0,0,0,1,129,True,1.026200014166534
h128_two_adjacent,128,2,first_fit,2,1,2,2,133,True,3.0221000779420137
h128_two_adjacent,128,2,hybrid,2,1,2,2,133,True,2.6926000136882067
h128_two_adjacent,128,2,activebalance,2,1,2,2,133,True,2.1802999544888735
h128_two_opposite,128,2,first_fit,2,1,2,2,257,True,2.9270999366417527
h128_two_opposite,128,2,hybrid,2,1,2,2,257,True,2.81810003798455
h128_two_opposite,128,2,activebalance,2,1,2,2,257,True,2.890800009481609
h128_clustered64,128,64,first_fit,126,6,64,64,249,True,64.20940009411424
h128_clustered64,128,64,hybrid,126,6,64,64,249,True,33.31119997892529
h128_clustered64,128,64,activebalance,126,6,21,64,249,True,36.05779993813485
h128_shared_prefix17,128,17,first_fit,32,5,16,17,160,True,13.95059993956238
h128_shared_prefix17,128,17,hybrid,32,5,16,17,160,True,13.74480000231415
h128_shared_prefix17,128,17,activebalance,32,5,8,17,160,True,16.94349991157651
h128_uniform32_seed8101,128,32,first_fit,62,6,18,32,3969,True,32.27480000350624
h128_uniform32_seed8101,128,32,hybrid,62,6,16,32,3969,True,37.96730004251003
h128_uniform32_seed8101,128,32,activebalance,62,6,11,32,3969,True,24.62699997704476
h128_uniform32_seed8102,128,32,first_fit,62,8,14,32,3949,True,33.01459993235767
h128_uniform32_seed8102,128,32,hybrid,62,8,9,32,3949,True,27.498199953697622
h128_uniform32_seed8102,128,32,activebalance,62,8,8,32,3949,True,51.11070000566542
h128_uniform32_seed8103,128,32,first_fit,62,7,18,32,3979,True,35.41799995582551
h128_uniform32_seed8103,128,32,hybrid,62,7,10,32,3979,True,50.963299931026995
h128_uniform32_seed8103,128,32,activebalance,62,7,9,32,3979,True,42.74740000255406
h256_empty,256,0,first_fit,0,0,0,0,0,True,0.268499949015677
h256_empty,256,0,hybrid,0,0,0,0,0,True,0.23260002490133047
h256_empty,256,0,activebalance,0,0,0,0,0,True,0.21989992819726467
h256_singleton,256,1,first_fit,0,0,0,1,257,True,1.4723000349476933
h256_singleton,256,1,hybrid,0,0,0,1,257,True,1.6156000783666968
h256_singleton,256,1,activebalance,0,0,0,1,257,True,1.408300013281405
h256_two_adjacent,256,2,first_fit,2,1,2,2,261,True,3.9539000717923045
h256_two_adjacent,256,2,hybrid,2,1,2,2,261,True,3.185400040820241
h256_two_adjacent,256,2,activebalance,2,1,2,2,261,True,2.9094000346958637
h256_two_opposite,256,2,first_fit,2,1,2,2,513,True,2.9832000145688653
h256_two_opposite,256,2,hybrid,2,1,2,2,513,True,3.62550001591444
h256_two_opposite,256,2,activebalance,2,1,2,2,513,True,4.3635000474751
h256_clustered64,256,64,first_fit,126,6,64,64,377,True,92.59869996458292
h256_clustered64,256,64,hybrid,126,6,64,64,377,True,91.58010000828654
h256_clustered64,256,64,activebalance,126,6,21,64,377,True,98.20859995670617
h256_shared_prefix17,256,17,first_fit,32,5,16,17,288,True,25.070000090636313
h256_shared_prefix17,256,17,hybrid,32,5,16,17,288,True,27.064699912443757
h256_shared_prefix17,256,17,activebalance,32,5,8,17,288,True,25.708199944347143
h256_uniform32_seed8101,256,32,first_fit,62,7,18,32,8072,True,66.60649995319545
h256_uniform32_seed8101,256,32,hybrid,62,7,11,32,8072,True,84.06049991026521
h256_uniform32_seed8101,256,32,activebalance,62,7,9,32,8072,True,129.71999996807426
h256_uniform32_seed8102,256,32,first_fit,62,7,16,32,8068,True,65.33430004492402
h256_uniform32_seed8102,256,32,hybrid,62,7,11,32,8068,True,60.80790003761649
h256_uniform32_seed8102,256,32,activebalance,62,7,9,32,8068,True,93.26360002160072
h256_uniform32_seed8103,256,32,first_fit,62,7,24,32,8073,True,92.333999928087
h256_uniform32_seed8103,256,32,hybrid,62,7,10,32,8073,True,89.5732999779284
h256_uniform32_seed8103,256,32,activebalance,62,7,9,32,8073,True,72.25159998051822
