dataset,height,method,repeat,n,N,m,logical_queries,chunk_queries,max_bucket,proofs_verified,online_bytes,processing_mean_ms,processing_p50_ms,processing_p95_ms,query_mean_ms,answer_mean_ms,decode_mean_ms,verify_mean_ms,setup_api_ms,setup_total_wall_ms,offline_hint_bytes,client_metadata_bytes,directory_plus_hint_bytes,public_shared_state_bytes,server_payload_bytes,full_cache_bootstrap_bytes,client_directory_parse_ms,runner_peak_rss_bytes
Fuel vectors,128,first_fit,0,100,198,9,9,72,58,100,5152,5.728568730000027,5.666633500000033,6.8569102500007615,5.39665195,0.02465279,0.21432152,0.06909697000002879,2.62103,109.876701,2621440,6442,2627882,2293760,6336,12714,7.47899200000024,20774912
Fuel vectors,128,flat_active,0,100,198,9,9,72,198,100,16704,7.02617020000009,6.939508499999843,7.994239900000659,6.65632385,0.02886612,0.26362322,0.043937950000039194,0.671778,30.104732,917504,6378,923882,950272,6336,12714,13.571301000000702,11534336
Fuel vectors,128,nonempty_depth,0,100,198,9,11,88,40,100,6016,7.241180679999963,6.947698500000323,9.346483549999798,6.87854611,0.03324983,0.24872678,0.05430532999996629,1.9420089999999997,115.279505,3014656,6458,3021114,2654208,6336,12714,8.295877000000118,23056384
Fuel vectors,128,hybrid,0,100,198,9,9,72,26,100,5696,5.872969099999993,5.745027000000242,7.317498899999284,5.508436580000001,0.02330078,0.26085227,0.054690279999958236,1.8408370000000003,97.320669,3276800,6442,3283242,2392064,6336,12714,10.802878000000682,22720512
Fuel vectors,128,pbc_routed,0,100,198,9,14,112,57,100,12224,10.130824519999882,9.777665999999453,14.270534749999321,9.42299686,0.04637712,0.53252033,0.07099531999987363,4.220432000000001,191.566476,6422528,15986,6438514,5767168,19008,12714,22.616868000000068,37658624
Fuel vectors,128,activebalance,0,100,198,9,9,72,23,100,6048,5.922570709999865,5.7751004999992706,7.641878899999273,5.5341392,0.02475889,0.2886403,0.04812220999994565,1.787656,94.609248,3538944,6442,3545386,2326528,6336,12714,10.376791000000551,22904832
Fuel vectors,128,activebalance,1,100,198,9,9,72,23,100,6048,6.049541159999996,5.862043000000149,7.972195100000029,5.63831121,0.022906700000000002,0.28204624,0.0800836099998925,2.065697,98.752669,3538944,6442,3545386,2326528,6336,12714,7.13204699999892,23003136
Fuel vectors,128,flat_active,1,100,198,9,9,72,198,100,16704,7.616587569999882,7.147339500001202,10.352254699999095,7.21059287,0.03238527,0.28742319,0.045170650000017076,0.9036379999999999,28.266586,917504,6378,923882,950272,6336,12714,9.42130600000013,11083776
Fuel vectors,128,first_fit,1,100,198,9,9,72,58,100,5152,6.187913599999845,6.0228330000004675,8.949486549998944,5.8689403,0.02817567,0.21714236,0.04883576999992201,2.04077,96.198612,2621440,6442,2627882,2293760,6336,12714,10.694413999999597,20566016
Fuel vectors,128,pbc_routed,1,100,198,9,14,112,57,100,12224,10.094739159999913,9.794171499999312,12.796330849999022,9.37747191,0.04891317,0.54252238,0.058965119999978555,4.127668999999998,188.627063,6422528,15986,6438514,5767168,19008,12714,9.57954999999977,40845312
Fuel vectors,128,nonempty_depth,1,100,198,9,11,88,40,100,6016,7.120147170000025,6.960730000001538,9.004677199999586,6.74176045,0.03427052,0.2599213,0.05732709999994867,1.608578,118.365036,3014656,6458,3021114,2654208,6336,12714,7.314758000001476,23035904
Fuel vectors,128,hybrid,1,100,198,9,9,72,26,100,5696,5.896076989999827,5.746645999998982,7.360882049998219,5.52210067,0.022139279999999997,0.26724447,0.05938683999985983,2.1253840000000004,105.480061,3276800,6442,3283242,2392064,6336,12714,9.552365999999424,21860352
Fuel vectors,128,flat_active,2,100,198,9,9,72,198,100,16704,7.3132916000000545,7.0868894999981435,8.818770050001016,6.91653274,0.03063931,0.26689187000000003,0.06229949000005064,1.1385939999999999,35.17659,917504,6378,923882,950272,6336,12714,7.532835999999321,11395072
Fuel vectors,128,first_fit,2,100,198,9,9,72,58,100,5152,6.155978709999821,5.868681999998987,8.063232299996564,5.8173399,0.0294103,0.22637557,0.05947577999979359,2.055431000000001,92.453029,2621440,6442,2627882,2293760,6336,12714,9.571357000002223,20807680
Fuel vectors,128,pbc_routed,2,100,198,9,14,112,57,100,12224,9.945643449999947,9.729279000002826,12.798270000001144,9.232795489999999,0.05041491,0.54129486,0.05828938000007611,4.043830999999999,185.865461,6422528,15986,6438514,5767168,19008,12714,10.240577000001139,37400576
Fuel vectors,128,nonempty_depth,2,100,198,9,11,88,40,100,6016,6.9775798299998115,6.831496999999812,8.567897249997808,6.55301387,0.04076851,0.29791048,0.054003229999963764,2.001559,120.103827,3014656,6458,3021114,2654208,6336,12714,9.542537000001516,23007232
Fuel vectors,128,hybrid,2,100,198,9,9,72,26,100,5696,5.586014089999869,5.50095800000064,6.51790225000252,5.18988982,0.02401826,0.30182226,0.04457066999997039,1.666247,89.243789,3276800,6442,3283242,2392064,6336,12714,7.773046000000505,21381120
Fuel vectors,128,activebalance,2,100,198,9,9,72,23,100,6048,5.393649240000135,5.385872999999075,6.236904699997038,5.01456942,0.01971667,0.28765666,0.04964766000021825,1.9084759999999994,98.542386,3538944,6442,3545386,2326528,6336,12714,8.049371000002026,21831680
Fuel vectors,128,hybrid,3,100,198,9,9,72,26,100,5696,5.583201249999799,5.550383999998887,6.605045000001764,5.20543724,0.023755039999999998,0.28585255,0.04425476000005091,1.6326930000000002,86.26752,3276800,6442,3283242,2392064,6336,12714,6.9225450000018895,22732800
Fuel vectors,128,flat_active,3,100,198,9,9,72,198,100,16704,6.889487120000045,6.8969620000006735,7.786165700002345,6.50971341,0.02891995,0.26273678,0.05623179000004086,0.701189,21.939344,917504,6378,923882,950272,6336,12714,7.939462999999591,11530240
Fuel vectors,128,pbc_routed,3,100,198,9,14,112,57,100,12224,9.110979700000021,9.05742549999912,10.808491700000982,8.43164238,0.04496494,0.53645283,0.04529781999998761,3.6579800000000002,167.776283,6422528,15986,6438514,5767168,19008,12714,7.227819000000579,40755200
Fuel vectors,128,nonempty_depth,3,100,198,9,11,88,40,100,6016,6.683085770000087,6.647962000000502,7.5457322499985535,6.30431571,0.0387595,0.26700675,0.04598677999997136,1.838126,105.254685,3014656,6458,3021114,2654208,6336,12714,9.651184999999174,22970368
Fuel vectors,128,activebalance,3,100,198,9,9,72,23,100,6048,5.426063170000272,5.51565599999881,6.125414450001479,5.04679997,0.02234916,0.27952783999999997,0.05384448000032904,1.9859569999999998,90.361133,3538944,6442,3545386,2326528,6336,12714,9.475327000000533,21848064
Fuel vectors,128,first_fit,3,100,198,9,9,72,58,100,5152,5.498504880000004,5.498555000000588,6.142747250000403,5.17666733,0.02542712,0.22762906,0.04758129000027367,1.6592759999999993,88.174145,2621440,6442,2627882,2293760,6336,12714,9.450765000000416,20836352
Fuel vectors,128,activebalance,4,100,198,9,9,72,23,100,6048,5.415091359999863,5.559541500000153,6.2549208000015355,5.04494458,0.02145241,0.27694157,0.048579840000009256,2.21298,91.871663,3538944,6442,3545386,2326528,6336,12714,8.53411599999987,22196224
Fuel vectors,128,hybrid,4,100,198,9,9,72,26,100,5696,5.533806900000147,5.509882999997631,6.437961600000516,5.16794525,0.02363397,0.27384988,0.043477590000016164,1.6439150000000002,85.367793,3276800,6442,3283242,2392064,6336,12714,10.324924999999041,21946368
Fuel vectors,128,pbc_routed,4,100,198,9,14,112,57,100,12224,9.060925260000056,8.929455000000345,10.470221200004172,8.36806567,0.04201405,0.54682469,0.04622137000012572,3.6607929999999986,172.138104,6422528,15986,6438514,5767168,19008,12714,6.934387000001152,40726528
Fuel vectors,128,nonempty_depth,4,100,198,9,11,88,40,100,6016,6.649102220000242,6.654983999998876,7.578817450000668,6.27681445,0.03312134,0.25848587,0.054030950000054645,1.803115000000001,103.519728,3014656,6458,3021114,2654208,6336,12714,7.312351999999578,22384640
Fuel vectors,128,flat_active,4,100,198,9,9,72,198,100,16704,6.946319380000297,6.885135499997754,7.799795349992856,6.5653405,0.03026668,0.27523189,0.044179479999755245,0.970487,24.173497,917504,6378,923882,950272,6336,12714,8.6235830000021,11530240
Fuel vectors,128,first_fit,4,100,198,9,9,72,58,100,5152,5.413430830000044,5.461167499999647,6.076059100005103,5.10473354,0.026402730000000003,0.21348017,0.04856337000013866,1.5398599999999998,82.486415,2621440,6442,2627882,2293760,6336,12714,6.417282999997553,20901888
Polygon recent,128,first_fit,0,384,766,11,11,88,210,100,10400,7.3902748899998025,7.259681499997395,8.67738844999498,6.8521819200000005,0.03740814,0.42641369,0.04599769000009246,5.390561999999998,148.325563,5242880,24634,5267514,4947968,24512,49066,7.832354000001374,36139008
Polygon recent,128,flat_active,0,384,766,11,11,88,766,100,39776,10.826954220000356,10.696772500000332,11.855909400006812,10.06012345,0.06223049,0.61861966,0.04519402000042305,2.269251,39.124158,1835008,24554,1859562,1802240,24512,49066,7.046701000000155,16486400
Polygon recent,128,nonempty_depth,0,384,766,11,16,128,168,100,12736,10.026755489999648,9.990191499996474,11.114977699997416,9.33318927,0.048916949999999994,0.55107851,0.049963429999735354,5.101535999999998,181.872807,6553600,24674,6578274,5734400,24512,49066,9.007625000002406,39944192
Polygon recent,128,hybrid,0,384,766,11,11,88,83,100,12128,7.5987521500005135,7.432442000003483,9.1077833000009,6.95068029,0.03638363,0.53080346,0.04835548000009737,4.588982000000002,181.930586,6422528,24634,6447162,5701632,24512,49066,7.319529000000102,41091072
Polygon recent,128,pbc_routed,0,384,766,11,17,136,150,100,26208,12.639054300000224,12.180589500000163,15.382809700004294,11.362194,0.0701632,1.07749407,0.05445339000019089,11.056721000000003,300.780447,13369344,61450,13430794,12746752,73536,49066,8.736964000000569,71270400
Polygon recent,128,activebalance,0,384,766,11,11,88,70,100,11968,7.6826248599998195,7.462821000000586,9.232727899995348,7.0874695899999995,0.03833473,0.47534924,0.04545515999971883,3.805226999999999,168.702083,5767168,24634,5791802,6488064,24512,49066,9.480727999999772,38125568
Polygon recent,128,flat_active,1,384,766,11,11,88,766,100,39776,11.637834959999605,11.235391999998951,14.68084389999939,10.78370829,0.06675507,0.6656574,0.08019524999987482,2.444103,39.098447,1835008,24554,1859562,1802240,24512,49066,6.790144999996528,16535552
Polygon recent,128,pbc_routed,1,384,766,11,17,136,150,100,26208,13.346131919999584,13.044536000003522,16.565267099993385,12.09902659,0.06806796,1.03966235,0.05118073999987871,18.112685,387.769994,13369344,61450,13430794,12746752,73536,49066,11.539014999996766,69738496
Polygon recent,128,nonempty_depth,1,384,766,11,16,128,168,100,12736,11.631779759999947,11.15953100000408,16.089291600000653,10.921278820000001,0.05837001,0.54880734,0.05425537999961705,4.676786000000002,210.750829,6553600,24674,6578274,5734400,24512,49066,10.414202999996292,40910848
Polygon recent,128,activebalance,1,384,766,11,11,88,70,100,11968,8.824605399999376,8.498766999997798,12.345146199999261,8.22902123,0.0374571,0.4662793,0.05353650000010646,5.695608999999999,204.231518,5767168,24634,5791802,6488064,24512,49066,12.944447000002413,39661568
Polygon recent,128,first_fit,1,384,766,11,11,88,210,100,10400,7.977399799999936,7.87023100000465,10.299070449996547,7.39523936,0.04252949,0.42471028,0.08263401999947462,4.8346339999999985,168.468482,5242880,24634,5267514,4947968,24512,49066,12.016830000000311,34885632
Polygon recent,128,hybrid,1,384,766,11,11,88,83,100,12128,8.377712730000429,8.102756000001825,11.602543349996415,7.71914995,0.04089636,0.51386231,0.06421183000007602,6.483896000000001,212.813724,6422528,24634,6447162,5701632,24512,49066,9.165721999998766,39657472
Polygon recent,128,activebalance,2,384,766,11,11,88,70,100,11968,8.286460279999691,7.994357500000913,10.416584550003796,7.63874887,0.03867321,0.48414060000000003,0.08933311999975047,3.967851999999999,178.004768,5767168,24634,5791802,6488064,24512,49066,6.970531000000335,40275968
Polygon recent,128,pbc_routed,2,384,766,11,17,136,150,100,26208,13.390598369999998,12.909488500001824,16.31782420000508,12.105759,0.06967009,1.06334202,0.05136760000013396,11.067835000000002,316.127082,13369344,61450,13430794,12746752,73536,49066,50.460858000001,68481024
Polygon recent,128,hybrid,2,384,766,11,11,88,83,100,12128,7.606813969999241,7.420757999998937,9.956566200002124,7.00586896,0.03436349,0.47607958,0.05752876999999046,4.255353999999999,155.692642,6422528,24634,6447162,5701632,24512,49066,7.683298999999977,41889792
Polygon recent,128,nonempty_depth,2,384,766,11,16,128,168,100,12736,9.948184330000753,9.914738000002178,12.550958650002961,9.30318671,0.05038839,0.49061131,0.06313781000045537,4.54329,197.048366,6553600,24674,6578274,5734400,24512,49066,5.954588000001593,39903232
Polygon recent,128,first_fit,2,384,766,11,11,88,210,100,10400,7.247137559999534,7.065786000004089,9.304590249995792,6.73705822,0.04498669,0.39096043,0.04434856999992576,4.558420000000001,187.573594,5242880,24634,5267514,4947968,24512,49066,7.145729000001211,36020224
Polygon recent,128,flat_active,2,384,766,11,11,88,766,100,39776,10.999179239999924,10.536689999999655,14.276667200004301,10.2113288,0.05929981,0.62395622,0.06595046999990473,2.4174520000000004,40.096459,1835008,24554,1859562,1802240,24512,49066,8.453260999999657,16580608
Polygon recent,128,nonempty_depth,3,384,766,11,16,128,168,100,12736,9.979755550000059,9.953647499996563,12.478947100002985,9.33738623,0.051532739999999994,0.49347331,0.05600458999985847,4.579656,202.11123,6553600,24674,6578274,5734400,24512,49066,16.726660000003335,39755776
Polygon recent,128,flat_active,3,384,766,11,11,88,766,100,39776,10.900256410000111,10.441659499991182,13.176295749998035,10.10838141,0.0639757,0.6398318500000001,0.04962004999967462,2.119429,35.613317,1835008,24554,1859562,1802240,24512,49066,8.228164999998455,16470016
Polygon recent,128,hybrid,3,384,766,11,11,88,83,100,12128,7.987866319999302,7.829164999993425,10.883077949992273,7.367577809999999,0.03721309,0.49062533999999997,0.05830173000035188,4.326331000000001,161.603598,6422528,24634,6447162,5701632,24512,49066,4.96052399999769,39702528
Polygon recent,128,activebalance,3,384,766,11,11,88,70,100,11968,7.675814699999982,7.254879999997918,10.15514530001239,7.13037954,0.03275597,0.4333109,0.045176330000060716,3.836899999999999,157.822202,5767168,24634,5791802,6488064,24512,49066,7.604216000004271,39669760
Polygon recent,128,pbc_routed,3,384,766,11,17,136,150,100,26208,13.041866980000671,12.774339999999722,16.368391549998623,11.88834587,0.06555248,0.9723218100000001,0.043707199999971635,11.449175000000004,296.548187,13369344,61450,13430794,12746752,73536,49066,9.628093000003446,69214208
Polygon recent,128,first_fit,3,384,766,11,11,88,210,100,10400,7.318192370000202,7.16958050000573,9.605078949983154,6.78864475,0.03807855,0.39655564,0.06327330999980063,3.487975,138.59183,5242880,24634,5267514,4947968,24512,49066,9.539696999993907,36089856
Polygon recent,128,first_fit,4,384,766,11,11,88,210,100,10400,7.8235663500001,7.759629000002997,10.11004125000329,7.2726314400000005,0.03957687,0.41233468,0.06459055000078706,3.5115089999999998,139.105566,5242880,24634,5267514,4947968,24512,49066,9.915388000010239,35962880
Polygon recent,128,activebalance,4,384,766,11,11,88,70,100,11968,7.9950453099997105,7.758673499999411,10.824640050004158,7.434866250000001,0.03389403999999999,0.43004101,0.06291944999986754,4.071009,169.694129,5767168,24634,5791802,6488064,24512,49066,6.224794000004863,39055360
Polygon recent,128,pbc_routed,4,384,766,11,17,136,150,100,26208,13.081254260001272,12.677614999997562,16.82750679998608,11.86521868,0.07189181,0.9898641499999999,0.06142469000053552,13.515257999999998,320.357867,13369344,61450,13430794,12746752,73536,49066,55.75570999999968,70733824
Polygon recent,128,hybrid,4,384,766,11,11,88,83,100,12128,7.966814190000762,7.580116499991954,10.65241924999311,7.33678634,0.03559498,0.48579658000000003,0.07317808000024684,5.529529000000002,179.079712,6422528,24634,6447162,5701632,24512,49066,9.026562999991938,41259008
Polygon recent,128,nonempty_depth,4,384,766,11,16,128,168,100,12736,10.209018690000903,10.11894549999311,12.748006249988624,9.55623963,0.05344174,0.5020213,0.053119930000065096,4.798644999999998,193.792434,6553600,24674,6578274,5734400,24512,49066,6.077460999989626,41324544
Polygon recent,128,flat_active,4,384,766,11,11,88,766,100,39776,10.321699939999304,10.145962000005158,11.582611499992607,9.5593174,0.06115697,0.6182373,0.04219723999980829,2.746346,36.092667,1835008,24554,1859562,1802240,24512,49066,6.452737000003594,16019456
ZKsync sample,128,activebalance,0,956,1910,13,13,104,147,100,21216,9.382827850000915,9.163371999988183,11.187957649987135,8.4721855,0.055070469999999996,0.76453337,0.044192199999883996,9.298681,228.832924,10223616,61258,10284874,10649600,61120,122282,8.848470999993197,63737856
ZKsync sample,128,first_fit,0,956,1910,13,13,104,556,100,16640,8.535226679999449,8.31862400000379,10.21934349999723,7.75618342,0.06462056,0.6279954799999999,0.045085229999131116,6.66214,190.217525,8388608,61258,8449866,8028160,61120,122282,7.8841170000032434,50647040
ZKsync sample,128,flat_active,0,956,1910,13,13,104,1910,100,72800,17.094773829999422,16.404851999982633,21.53881519998969,15.44470183,0.14125193,1.38991548,0.06794674999952122,4.188627,55.517136,2883584,61162,2944746,2850816,61120,122282,11.049353999993627,22708224
ZKsync sample,128,nonempty_depth,0,956,1910,13,19,152,370,100,20448,13.518221679999671,12.959339500004031,17.76476849999315,12.53990142,0.07354735,0.78784894,0.056722689999730846,9.910037000000004,298.267796,10616832,61306,10678138,9535488,61120,122282,56.07475200000067,62619648
ZKsync sample,128,hybrid,0,956,1910,13,13,104,180,100,20640,10.5517363299994,10.611066499996856,13.638065249988882,9.59886132,0.06247158,0.79953226,0.04222943999977247,8.449269,248.22134,10616832,61258,10678090,10125312,61120,122282,9.166875000005348,60129280
ZKsync sample,128,pbc_routed,0,956,1910,13,20,160,316,100,44448,17.36365494999903,16.692123999994593,22.061780349996702,15.457284070000002,0.11062230999999999,1.63169703,0.05534697999920013,24.22961500000001,480.912178,23199744,152994,23352738,21495808,183360,122282,13.878480000002469,113139712
ZKsync sample,128,first_fit,1,956,1910,13,13,104,556,100,16640,9.294379339998766,8.947152000005515,12.030189499981537,8.53661667,0.05914606,0.6002940600000001,0.06102609999999231,8.22036,240.213537,8388608,61258,8449866,8028160,61120,122282,10.958106999993333,52088832
ZKsync sample,128,hybrid,1,956,1910,13,13,104,180,100,20640,10.355131709999238,10.232798500003135,13.916132500006253,9.3872234,0.05513023,0.77833903,0.08564836999937597,8.750589000000003,251.892058,10616832,61258,10678090,10125312,61120,122282,8.49172699999201,62119936
ZKsync sample,128,pbc_routed,1,956,1910,13,20,160,316,100,44448,17.63281889000023,17.182259999993946,22.74338195000885,15.67084377,0.1148909,1.68602093,0.05348943000001327,24.085544999999993,472.126818,23199744,152994,23352738,21495808,183360,122282,12.579036999994742,112590848
ZKsync sample,128,activebalance,1,956,1910,13,13,104,147,100,21216,9.899636159999616,9.45009399999979,13.01594535000322,8.95428675,0.05555919,0.78912196,0.05067391999943993,7.611388000000001,236.476816,10223616,61258,10284874,10649600,61120,122282,7.070415000001162,62607360
ZKsync sample,128,flat_active,1,956,1910,13,13,104,1910,100,72800,16.684038310000144,16.152143000002,19.89732509999219,15.056209370000001,0.14195674,1.35752111,0.07253466000008757,5.189387,57.027656,2883584,61162,2944746,2850816,61120,122282,12.904034999991154,21848064
ZKsync sample,128,nonempty_depth,1,956,1910,13,19,152,370,100,20448,12.901062789999687,12.495811499996487,16.43870169999922,11.89181604,0.07130658000000001,0.80783633,0.07034201999985612,8.429712999999992,254.697828,10616832,61306,10678138,9535488,61120,122282,10.351348000000371,62844928
ZKsync sample,128,activebalance,2,956,1910,13,13,104,147,100,21216,10.439971690000798,10.260856999995692,13.43499120000113,9.49174808,0.05294864,0.7598031199999999,0.08543839000012099,8.474925,251.044462,10223616,61258,10284874,10649600,61120,122282,11.800928999988969,58208256
ZKsync sample,128,nonempty_depth,2,956,1910,13,19,152,370,100,20448,12.911667620000312,12.64145000000816,15.587900950001641,11.89611877,0.07482637,0.80267131,0.07799586999993835,7.949345000000002,264.071964,10616832,61306,10678138,9535488,61120,122282,14.204708000008281,64294912
ZKsync sample,128,first_fit,2,956,1910,13,13,104,556,100,16640,8.732936750001318,8.539005000003021,10.553069750002697,7.89950364,0.0652812,0.63345722,0.08399056000087057,7.477193999999998,197.946959,8388608,61258,8449866,8028160,61120,122282,11.871870999996759,51773440
ZKsync sample,128,pbc_routed,2,956,1910,13,20,160,316,100,44448,17.619566770000457,17.28428000000398,21.8984757500022,15.65791035,0.11387364999999999,1.67133487,0.05642386000005217,25.371942,483.457521,23199744,152994,23352738,21495808,183360,122282,18.53429000000517,112578560
ZKsync sample,128,hybrid,2,956,1910,13,13,104,180,100,20640,10.953068769999176,10.451236000001444,14.914774200006503,9.92142036,0.060657279999999994,0.83166882,0.08747620999969286,8.771053000000004,258.353752,10616832,61258,10678090,10125312,61120,122282,12.200823000000582,60772352
ZKsync sample,128,flat_active,2,956,1910,13,13,104,1910,100,72800,18.473320430000925,17.564402000010546,22.8558365999983,16.62470285,0.14982888,1.5408112,0.08897406000016872,4.990191,63.472205,2883584,61162,2944746,2850816,61120,122282,12.551694999999086,22368256
ZKsync sample,128,first_fit,3,956,1910,13,13,104,556,100,16640,10.855411949999658,10.380471999991489,14.918264599996737,9.95033052,0.06536547,0.69280824,0.10238593000011065,8.499674999999998,231.702613,8388608,61258,8449866,8028160,61120,122282,11.172375999990436,50733056
ZKsync sample,128,nonempty_depth,3,956,1910,13,19,152,370,100,20448,14.442692619999644,14.116872000003788,19.389696449997984,13.33595553,0.07752278,0.88222959,0.08154710999889403,8.243801999999997,267.534982,10616832,61306,10678138,9535488,61120,122282,13.439316000003032,62078976
ZKsync sample,128,pbc_routed,3,956,1910,13,20,160,316,100,44448,17.92289286999917,17.661024000005703,21.808295150015034,15.97018463,0.11640176,1.67463729,0.05958273999979724,24.019186999999995,528.014968,23199744,152994,23352738,21495808,183360,122282,17.26105999999561,113487872
ZKsync sample,128,activebalance,3,956,1910,13,13,104,147,100,21216,10.53767860000018,10.069971999992244,13.881716749999326,9.615257549999999,0.05624074,0.7438986,0.0709379200000626,9.165438000000002,277.019594,10223616,61258,10284874,10649600,61120,122282,18.16074399999934,62746624
ZKsync sample,128,flat_active,3,956,1910,13,13,104,1910,100,72800,17.01451762999844,16.34031099999702,21.372527450010082,15.378160059999999,0.13913326,1.3787441599999999,0.045826709999943205,5.180167,65.096458,2883584,61162,2944746,2850816,61120,122282,10.005526000000486,22335488
ZKsync sample,128,hybrid,3,956,1910,13,13,104,180,100,20640,10.85434277000019,10.364873500006471,14.540578149995278,9.880487619999998,0.06527587,0.78496588,0.07351644999999962,10.014651000000006,272.375761,10616832,61258,10678090,10125312,61120,122282,10.032410000007985,61227008
ZKsync sample,128,flat_active,4,956,1910,13,13,104,1910,100,72800,16.533772059998505,16.078065499998154,19.545580250023843,14.97369512,0.12649519,1.3149003799999999,0.058410419999006535,4.599181,56.512095,2883584,61162,2944746,2850816,61120,122282,12.751428999990821,21757952
ZKsync sample,128,pbc_routed,4,956,1910,13,20,160,316,100,44448,17.244724830000816,16.477696000017275,21.96868690002231,15.3661819,0.11244612999999999,1.6144011600000001,0.05346912000135262,25.450822,521.681751,23199744,152994,23352738,21495808,183360,122282,12.948276000003034,111579136
ZKsync sample,128,first_fit,4,956,1910,13,13,104,556,100,16640,8.897105970000128,8.698990000015593,11.129188950009413,8.1180279,0.06305439,0.61227552,0.06526102000066203,7.541551999999999,214.301106,8388608,61258,8449866,8028160,61120,122282,8.721486000013101,47411200
ZKsync sample,128,hybrid,4,956,1910,13,13,104,180,100,20640,11.053444160000339,10.805235499982548,14.982043800013404,10.09562008,0.05799068,0.78899877,0.057432539999808796,13.303296999999995,246.960378,10616832,61258,10678090,10125312,61120,122282,10.00618199998371,60899328
ZKsync sample,128,activebalance,4,956,1910,13,13,104,147,100,21216,10.97097390000082,10.787996999991073,14.300315850008403,10.04265943,0.05667125,0.7549628500000001,0.062062510000941984,7.615672999999998,228.879685,10223616,61258,10284874,10649600,61120,122282,13.324578999998948,60903424
ZKsync sample,128,nonempty_depth,4,956,1910,13,19,152,370,100,20448,12.299183959999544,11.99094699998384,15.253963599997613,11.28771048,0.07042738,0.83494835,0.051750729999753275,7.470634000000003,241.864211,10616832,61306,10678138,9535488,61120,122282,9.320931000019073,68636672
Polygon multi,128,first_fit,0,1348,2694,14,14,112,772,100,20064,9.684432609999952,9.392217999983558,11.852794699997531,8.75830079,0.07255117,0.7659952600000001,0.04273698000048398,11.000572999999997,236.307401,10223616,86354,10309970,9797632,86208,172458,9.641462000018919,63754240
Polygon multi,128,pbc_routed,0,1348,2694,14,21,168,417,100,53856,20.84896793000077,19.866523999994072,27.858973399998455,18.61489681,0.1390866,1.93915875,0.05132985999949824,30.530202000000006,590.314128,27525120,215722,27740842,26738688,258624,172458,10.395313000003625,129810432
Polygon multi,128,activebalance,0,1348,2694,14,14,112,193,100,25984,11.672360440000954,11.075919000006516,15.373127200029687,10.58475578,0.06418524,0.91870947,0.05320940000046903,10.266179000000003,285.092427,12845056,86354,12931410,12845056,86208,172458,12.276624000008951,69865472
Polygon multi,128,flat_active,0,1348,2694,14,14,112,2694,100,93632,21.72699809999963,20.288419500008445,28.828615100005234,19.43578357,0.19955441,1.9651478,0.06182049999949868,5.966147999999999,67.74831,3407872,86250,3494122,3407872,86208,172458,8.587245000001076,25026560
Polygon multi,128,nonempty_depth,0,1348,2694,14,19,152,530,100,24224,14.074987870002273,13.517116500014211,19.481733450004963,12.9178071,0.09270412,0.94848583,0.0567953700004864,12.936847999999998,329.092606,12320768,86394,12407162,11730944,86208,172458,9.181946999973434,67502080
Polygon multi,128,hybrid,0,1348,2694,14,14,112,236,100,25408,11.576337840002518,11.016575500006205,15.620165400006634,10.45040968,0.06530145,0.96202486,0.04625276000240319,10.576287,283.845469,13238272,86354,13324626,12255232,86208,172458,14.863181999999142,68063232
Polygon multi,128,flat_active,1,1348,2694,14,14,112,2694,100,93632,21.363902770000955,20.37956600000099,27.84902355000419,19.03663316,0.19990199,2.0095879,0.05334981000089556,6.195741,69.050121,3407872,86250,3494122,3407872,86208,172458,11.163467000017135,25542656
Polygon multi,128,pbc_routed,1,1348,2694,14,21,168,417,100,53856,20.91483129000147,20.80229449998903,25.92864254997115,18.633823489999997,0.14021042,1.95567887,0.06968318999923895,33.491493000000006,624.358432,27525120,215722,27740842,26738688,258624,172458,14.72907699999837,129486848
Polygon multi,128,nonempty_depth,1,1348,2694,14,19,152,530,100,24224,13.519527990000425,13.084196500009417,17.240306599992063,12.414489190000001,0.08405164999999999,0.90738274,0.05015068999966843,10.35472,288.605391,12320768,86394,12407162,11730944,86208,172458,34.39247399998635,70107136
Polygon multi,128,activebalance,1,1348,2694,14,14,112,193,100,25984,12.09484863000202,11.512240000022231,15.804049600002788,10.97357689,0.06670221999999999,0.93938217,0.057122180000419576,12.506404000000003,295.934,12845056,86354,12931410,12845056,86208,172458,11.942448000013428,73764864
Polygon multi,128,first_fit,1,1348,2694,14,14,112,772,100,20064,10.359182550002243,10.003098500010042,13.22564174998913,9.41829404,0.07045933,0.7586133700000001,0.06640356000048087,10.916303999999998,236.065895,10223616,86354,10309970,9797632,86208,172458,10.692677000008644,63295488
Polygon multi,128,hybrid,1,1348,2694,14,14,112,236,100,25408,11.473959489999459,10.97539799998017,15.99394520001584,10.33658823,0.06267471,0.96670278,0.05210918000017273,9.788686000000004,272.928462,13238272,86354,13324626,12255232,86208,172458,10.291824999995924,69365760
Polygon multi,128,flat_active,2,1348,2694,14,14,112,2694,100,93632,20.698420190000892,20.31930849999745,23.880873100012096,18.39127488,0.20210962,1.9988363800000002,0.04311656999959723,5.593925,63.217754,3407872,86250,3494122,3407872,86208,172458,10.143872000014653,25583616
Polygon multi,128,hybrid,2,1348,2694,14,14,112,236,100,25408,11.765312950001086,11.589611500008942,15.062331150013925,10.63144598,0.06672937,0.96502163,0.0500366800005736,13.315828999999999,303.598849,13238272,86354,13324626,12255232,86208,172458,9.369984999977987,72564736
Polygon multi,128,activebalance,2,1348,2694,14,14,112,193,100,25984,12.106308820000251,11.679869999996406,16.10825240002549,10.97743652,0.06885371,0.9401600099999999,0.06477396000065028,12.053971999999998,295.952873,12845056,86354,12931410,12845056,86208,172458,9.543376999999964,69689344
Polygon multi,128,first_fit,2,1348,2694,14,14,112,772,100,20064,10.91331850999977,10.586331000005927,14.549685750028882,9.98191084,0.07386446,0.74854264,0.06202583999936451,10.173224000000001,264.971072,10223616,86354,10309970,9797632,86208,172458,11.247166000003972,61480960
Polygon multi,128,nonempty_depth,2,1348,2694,14,19,152,530,100,24224,14.09483559999728,13.556119000008472,17.490587249983005,12.90824932,0.08812579,0.96005643,0.07806711000000632,11.147108000000001,302.322028,12320768,86394,12407162,11730944,86208,172458,9.902202000006355,66392064
Polygon multi,128,pbc_routed,2,1348,2694,14,21,168,417,100,53856,21.57054702000029,20.63077099999272,28.248491000008375,19.135601610000002,0.14810049,2.08855223,0.06519445000037649,31.04387200000001,588.670763,27525120,215722,27740842,26738688,258624,172458,23.2583810000051,129630208
Polygon multi,128,first_fit,3,1348,2694,14,14,112,772,100,20064,11.870191510000032,11.398631999994079,16.693578249976216,10.85085777,0.07832154,0.8207382400000001,0.06383770999917715,10.698254999999996,252.993783,10223616,86354,10309970,9797632,86208,172458,52.55478600000174,60362752
Polygon multi,128,nonempty_depth,3,1348,2694,14,19,152,530,100,24224,14.880374129997024,14.340729999995599,19.21690335003246,13.68374934,0.08845816000000001,0.97821651,0.06667813999854388,10.876754999999996,307.862295,12320768,86394,12407162,11730944,86208,172458,11.099655999998959,68497408
Polygon multi,128,flat_active,3,1348,2694,14,14,112,2694,100,93632,22.09463369000243,20.99179700000729,28.586452050020657,19.72242476,0.21387504000000002,2.03711947,0.05944406000281788,6.264661,64.028816,3407872,86250,3494122,3407872,86208,172458,14.918297999997776,25149440
Polygon multi,128,activebalance,3,1348,2694,14,14,112,193,100,25984,11.74246273000117,11.444212000005077,16.097491249989805,10.61834778,0.06679952,0.95319503,0.050854600001457584,11.569115,319.03557,12845056,86354,12931410,12845056,86208,172458,9.73293399999875,68120576
Polygon multi,128,hybrid,3,1348,2694,14,14,112,236,100,25408,11.481480289998384,11.06200549999981,14.896610649983861,10.32132344,0.06474858,0.97221093,0.05915920000006736,10.487082000000003,263.927956,13238272,86354,13324626,12255232,86208,172458,14.697226999999202,69758976
Polygon multi,128,pbc_routed,3,1348,2694,14,21,168,417,100,53856,19.909271269998925,19.34242099999906,24.40295209999315,17.641147099999998,0.13793049,1.93846094,0.08127514999898722,28.256581999999995,573.376749,27525120,215722,27740842,26738688,258624,172458,15.072589999988395,130879488
Polygon multi,128,first_fit,4,1348,2694,14,14,112,772,100,20064,10.626225459997398,10.260499500008637,13.66636880000354,9.70999564,0.07692133000000001,0.73790702,0.056047219999584286,8.663655999999998,224.037565,10223616,86354,10309970,9797632,86208,172458,7.8487269999811815,62152704
Polygon multi,128,flat_active,4,1348,2694,14,14,112,2694,100,93632,21.289634480001073,20.605043999997566,26.78598805001286,19.03801071,0.19641174,1.92658077,0.06392431999898918,6.9028279999999995,69.084153,3407872,86250,3494122,3407872,86208,172458,9.061176000017213,25690112
Polygon multi,128,pbc_routed,4,1348,2694,14,21,168,417,100,53856,19.85195083000227,19.25693750000568,26.080112550019283,17.60557313,0.13963633,1.94887533,0.046368970001537946,30.948633000000005,573.666493,27525120,215722,27740842,26738688,258624,172458,12.368675000004714,133107712
Polygon multi,128,hybrid,4,1348,2694,14,14,112,236,100,25408,11.583960219999266,10.81126599997854,15.226158700001688,10.4309418,0.06709945,0.9831615899999999,0.05076147999801606,10.711001,261.941148,13238272,86354,13324626,12255232,86208,172458,10.105422999998837,76939264
Polygon multi,128,nonempty_depth,4,1348,2694,14,19,152,530,100,24224,13.803286250000847,13.37531650000451,17.093427550008432,12.65823034,0.09141766,0.93237892,0.06004842000066901,11.703124999999998,321.616687,12320768,86394,12407162,11730944,86208,172458,8.507981000008158,68378624
Polygon multi,128,activebalance,4,1348,2694,14,14,112,193,100,25984,11.879471489999908,11.61563749998827,15.869427850003,10.71460294,0.06631545,0.95238255,0.0909688000007236,10.951147999999998,281.561761,12845056,86354,12931410,12845056,86208,172458,35.682616000002554,71553024
Polygon broad,128,activebalance,0,7040,14078,17,17,136,829,100,63648,20.984156729998816,19.87993700002533,28.023251999996347,18.35423405,0.20461483,2.273618,0.061201949999656335,45.753839,629.91036,33423360,450666,33874026,31195136,450496,901034,13.70517899999868,152551424
Polygon broad,128,pbc_routed,0,7040,14078,17,26,208,1693,100,135360,37.771863339996855,36.49366400000454,46.448932899979184,32.59112012,0.40089293,4.52917096,0.0613534799987292,115.23022899999995,1358.9903,69206016,1126482,70332498,68583424,1351488,901034,41.95717799998988,309313536
Polygon broad,128,first_fit,0,7040,14078,17,17,136,3844,100,45856,17.28819949000101,17.02284549999622,22.294075500003157,15.33117148,0.16726428,1.6544520600000001,0.06048642000109794,37.080876,459.456154,23461888,450666,23912554,22642688,450496,901034,11.94296799999961,111464448
Polygon broad,128,flat_active,0,7040,14078,17,17,136,14078,100,259488,61.96657193000145,62.19316900000031,71.94058040000647,51.30994814,1.30800463,9.14530415,0.08581646000067167,31.774164000000003,169.447153,7864320,450538,8314858,7700480,450496,901034,16.538410000009662,46411776
Polygon broad,128,nonempty_depth,0,7040,14078,17,26,208,2762,100,55616,23.03758050999986,22.5449854999998,28.91218679997206,20.70636351,0.20055097,1.97342676,0.06368893999962211,44.271178999999954,616.119358,28442624,450738,28893362,27361280,450496,901034,14.428479999992305,138637312
Polygon broad,128,hybrid,0,7040,14078,17,17,136,929,100,63264,22.88536702999905,21.293707500001002,32.398085999976566,19.87481022,0.22539088000000002,2.59959648,0.07203676999949948,41.232861000000014,631.343909,32243712,450666,32694378,31850496,450496,901034,378.5560260000125,148635648
Polygon broad,128,hybrid,1,7040,14078,17,17,136,929,100,63264,19.949335599999774,19.363828999965698,25.761928649964695,17.41515002,0.18877066,2.19257077,0.06501411999977336,39.110355999999996,588.63509,32243712,450666,32694378,31850496,450496,901034,18.80779500004337,150732800
Polygon broad,128,nonempty_depth,1,7040,14078,17,26,208,2762,100,55616,23.084725679994698,22.772383000008393,28.45735099998315,20.76525396,0.20100716,1.95522197,0.0713062899990291,35.778682000000025,553.982965,28442624,450738,28893362,27361280,450496,901034,15.249019999998836,135057408
Polygon broad,128,first_fit,1,7040,14078,17,17,136,3844,100,45856,17.620949899997346,17.007901999987453,22.843182749989996,15.69023202,0.1710642,1.63292851,0.061134949999654964,36.773391999999994,475.578476,23461888,450666,23912554,22642688,450496,901034,15.661270000009608,112685056
Polygon broad,128,pbc_routed,1,7040,14078,17,26,208,1693,100,135360,38.25394128000423,37.47457100001278,46.67210064998726,32.94704761,0.4123755,4.59951947,0.08732781000048817,130.62826300000006,1387.135005,69206016,1126482,70332498,68583424,1351488,901034,50.58310399999755,307965952
Polygon broad,128,activebalance,1,7040,14078,17,17,136,829,100,63648,20.047045519999582,19.162298000023135,25.946155999971886,17.414967309999998,0.19933917,2.28187968,0.0572680499993794,38.306577999999995,642.798075,33423360,450666,33874026,31195136,450496,901034,112.86483200001385,149422080
Polygon broad,128,flat_active,1,7040,14078,17,17,136,14078,100,259488,58.58447651999974,58.02614799996971,73.65235560000478,48.290499409999995,1.25285592,8.86158187,0.05756213000324806,29.725493,155.035824,7864320,450538,8314858,7700480,450496,901034,15.459551999981613,45903872
Polygon broad,128,hybrid,2,7040,14078,17,17,136,929,100,63264,20.000662889997724,18.927396000024366,25.706272199978095,17.39214178,0.19296847,2.2706266,0.06248731999903612,51.571282999999994,665.847915,32243712,450666,32694378,31850496,450496,901034,17.118900000014037,150863872
Polygon broad,128,flat_active,2,7040,14078,17,17,136,14078,100,259488,53.47241767000097,51.02282949998225,67.13464769999337,43.34052629,1.28773559,8.698264589999999,0.044360919999917314,30.594031,164.996558,7864320,450538,8314858,7700480,450496,901034,16.81913199996643,46993408
Polygon broad,128,nonempty_depth,2,7040,14078,17,26,208,2762,100,55616,21.451345640002053,20.713607499997806,26.661857499995055,19.08118191,0.21050005000000002,2.0034828200000003,0.06619725000064136,41.919630000000005,557.247873,28442624,450738,28893362,27361280,450496,901034,15.713588999972217,139718656
Polygon broad,128,pbc_routed,2,7040,14078,17,26,208,1693,100,135360,42.135712860003046,40.564374500027235,56.92840140001612,36.51132647,0.45693844999999994,4.87297995,0.08573144000024513,127.21973000000001,1377.078074,69206016,1126482,70332498,68583424,1351488,901034,135.68288700002995,308215808
Polygon broad,128,activebalance,2,7040,14078,17,17,136,829,100,63648,20.7252750899953,20.046153999952203,26.51909925001381,18.01956128,0.20751382999999998,2.3145098699999997,0.08154443999899286,38.62610900000001,569.005109,33423360,450666,33874026,31195136,450496,901034,20.916294999949514,151117824
Polygon broad,128,first_fit,2,7040,14078,17,17,136,3844,100,45856,16.94572878999875,16.515832999994004,21.3507344000284,15.04059276,0.15899128,1.6206328,0.057908510003130687,37.93564399999998,501.87414,23461888,450666,23912554,22642688,450496,901034,19.19631000004074,113737728
Polygon broad,128,pbc_routed,3,7040,14078,17,26,208,1693,100,135360,41.827222029996335,41.13494749997715,50.91454245002814,36.14403428,0.45108812,4.94715871,0.06956865999825368,130.319519,1432.182122,69206016,1126482,70332498,68583424,1351488,901034,54.823593999969944,301699072
Polygon broad,128,first_fit,3,7040,14078,17,17,136,3844,100,45856,16.781867499997798,16.02866049999468,21.90863204997685,14.87149286,0.16541532,1.6187074,0.05438497999932679,39.183349000000014,482.899001,23461888,450666,23912554,22642688,450496,901034,14.35254199998326,117833728
Polygon broad,128,hybrid,3,7040,14078,17,17,136,929,100,63264,20.450560290003768,19.770541999995423,25.032380550033434,17.86962957,0.19408220999999998,2.23633087,0.061295120004274395,40.278829000000016,598.502436,32243712,450666,32694378,31850496,450496,901034,16.6761379999798,150077440
Polygon broad,128,flat_active,3,7040,14078,17,17,136,14078,100,259488,52.879066349998205,50.44676049999393,66.29071164999783,42.75491438,1.24384133,8.70795757,0.04750708999836206,28.024690000000003,165.598593,7864320,450538,8314858,7700480,450496,901034,106.97342899999285,47067136
Polygon broad,128,activebalance,3,7040,14078,17,17,136,829,100,63648,17.264166219999723,16.93998449999862,19.579225100023056,14.63732616,0.20204569,2.29787301,0.043737580000424714,41.651595000000015,559.777099,33423360,450666,33874026,31195136,450496,901034,15.811653000014303,149946368
Polygon broad,128,nonempty_depth,3,7040,14078,17,26,208,2762,100,55616,20.30857502000045,19.53337550002324,24.855357249925316,17.95930997,0.20462614,1.97811357,0.07773906000124953,35.40788499999998,544.97463,28442624,450738,28893362,27361280,450496,901034,19.374080000034155,139821056
Polygon broad,128,pbc_routed,4,7040,14078,17,26,208,1693,100,135360,39.00836528999948,38.279163000029314,47.918058650026346,33.717820169999996,0.42421313,4.61778067,0.04991735999794855,117.9051629999999,1342.926025,69206016,1126482,70332498,68583424,1351488,901034,35.99745899998652,308150272
Polygon broad,128,first_fit,4,7040,14078,17,17,136,3844,100,45856,15.715595310003094,14.877630999961323,20.416875549984805,13.832156209999999,0.1597955,1.61415069,0.043013380003458224,34.82732199999998,455.690159,23461888,450666,23912554,22642688,450496,901034,15.452490000029684,121217024
Polygon broad,128,flat_active,4,7040,14078,17,17,136,14078,100,259488,57.590315530000325,56.58637000004403,69.77042024999784,46.93049879,1.32147001,9.18407628,0.04411021999885634,28.697443,157.807978,7864320,450538,8314858,7700480,450496,901034,97.80169900000146,47054848
Polygon broad,128,hybrid,4,7040,14078,17,17,136,929,100,63264,20.54191505999939,19.85932849999574,25.699176849996014,17.94032867,0.20825041,2.26275038,0.046761529998775586,43.634551999999985,600.51021,32243712,450666,32694378,31850496,450496,901034,18.49126599995543,148635648
Polygon broad,128,activebalance,4,7040,14078,17,17,136,829,100,63648,19.40653049999617,18.91850300001127,23.74674520003933,16.76239606,0.21280125,2.30021705,0.045285739996643315,37.019721999999994,545.954096,33423360,450666,33874026,31195136,450496,901034,18.061139999986153,151257088
Polygon broad,128,nonempty_depth,4,7040,14078,17,26,208,2762,100,55616,21.279678549996028,20.307644499988786,27.020466749947904,18.8990455,0.20416615999999999,2.016026,0.07203439999898364,35.74278800000001,557.583206,28442624,450738,28893362,27361280,450496,901034,15.67704199999298,138330112
ZKsync broad,128,activebalance,0,7740,15478,17,17,136,911,100,66912,21.962714120005508,21.113426999971175,29.102286449974212,18.992806039999998,0.21811855,2.5363965,0.11806110000236458,50.804712,691.662673,33423360,495466,33918826,33980416,495296,990634,30.084732000034364,157286400
ZKsync broad,128,pbc_routed,0,7740,15478,17,26,208,1880,100,141920,39.62574667000188,38.9953769999851,48.97088320002755,34.11594384,0.45875198,4.8019344,0.0724120800015271,124.87717900000001,1364.267323,72876032,1238482,74114514,71598080,1485888,990634,54.512025999997604,324009984
ZKsync broad,128,hybrid,0,7740,15478,17,17,136,1162,100,65664,22.237873429999876,21.38129300001063,28.305809299956703,19.51207936,0.20262181,2.35410354,0.05947193999986666,46.25298199999998,647.697922,33816576,495466,34312042,33030144,495296,990634,23.55996800002913,159514624
ZKsync broad,128,nonempty_depth,0,7740,15478,17,25,200,3014,100,57856,22.095132190002627,21.31229549998893,28.511146500002848,19.69517647,0.22013553,2.03441284,0.04888810000409194,42.04449799999999,610.221786,29753344,495530,30248874,28540928,495296,990634,22.94733099995483,143785984
ZKsync broad,128,first_fit,0,7740,15478,17,17,136,4282,100,47776,16.705536689991145,16.227881499969627,21.559669350002228,14.71142029,0.17609170000000002,1.6779523900000002,0.07372205999274684,36.621167,462.740993,24641536,495466,25137002,23592960,495296,990634,14.211103000036474,118722560
ZKsync broad,128,flat_active,0,7740,15478,17,17,136,15478,100,272000,62.41494187999671,61.68460350003477,76.22436400000245,51.53389639,1.41442878,9.25399904,0.07858479999754309,32.723377,174.367158,8126464,495338,8621802,8192000,495296,990634,32.007474000010916,48496640
ZKsync broad,128,first_fit,1,7740,15478,17,17,136,4282,100,47776,16.64801481999601,15.674196499973378,22.75605289999037,14.590705790000001,0.18196981,1.7382836,0.06980139999598123,45.588265,539.432001,24641536,495466,25137002,23592960,495296,990634,18.912499999999,120418304
ZKsync broad,128,pbc_routed,1,7740,15478,17,26,208,1880,100,141920,40.49048321999787,38.7397590000099,52.96702215001365,34.768158330000006,0.47672151000000007,4.92386811,0.11615210999821102,132.07765099999997,1442.657499,72876032,1238482,74114514,71598080,1485888,990634,44.05123800000865,320204800
ZKsync broad,128,flat_active,1,7740,15478,17,17,136,15478,100,272000,64.38596995999993,63.21582749998894,77.56332360002789,53.28448442,1.39184296,9.51200052,0.0660012499986351,32.071907,168.954755,8126464,495338,8621802,8192000,495296,990634,18.74457799999618,48046080
ZKsync broad,128,activebalance,1,7740,15478,17,17,136,911,100,66912,20.027806299994538,19.16806499997126,25.199748849979578,17.36952755,0.19528168,2.32295694,0.048946610001507906,50.50146500000002,669.31096,33423360,495466,33918826,33980416,495296,990634,16.52586499994868,159252480
ZKsync broad,128,nonempty_depth,1,7740,15478,17,25,200,3014,100,57856,23.39553541999397,22.961056999940176,29.66913934998353,20.89709826,0.22616751,2.1059668900000004,0.06388202999517034,44.526619999999994,622.263292,29753344,495530,30248874,28540928,495296,990634,15.60204699995893,143855616
ZKsync broad,128,hybrid,1,7740,15478,17,17,136,1162,100,65664,19.231392620003508,18.396472999981984,24.79425650005387,16.51215764,0.20074186,2.37744239,0.04877447000069424,42.72730600000001,634.136097,33816576,495466,34312042,33030144,495296,990634,468.9076810000188,159363072
ZKsync broad,128,nonempty_depth,2,7740,15478,17,25,200,3014,100,57856,22.246469290000796,21.600457000054497,28.588669849994,19.80649823,0.21125709,2.08068522,0.045180489999552265,39.72896399999999,582.46035,29753344,495530,30248874,28540928,495296,990634,14.953568999999334,140976128
ZKsync broad,128,pbc_routed,2,7740,15478,17,26,208,1880,100,141920,41.963274640003355,41.4439549999793,52.20955344996325,36.30374166,0.47579831,4.94743145,0.05801215000246884,138.94741499999995,1497.036898,72876032,1238482,74114514,71598080,1485888,990634,38.435472999992726,318373888
ZKsync broad,128,first_fit,2,7740,15478,17,17,136,4282,100,47776,18.49164673999909,17.893656999951812,24.431348749993344,16.28188506,0.19927309,1.8573704800000002,0.07739265000054729,36.539993000000024,488.191092,24641536,495466,25137002,23592960,495296,990634,15.18973900004994,120324096
ZKsync broad,128,hybrid,2,7740,15478,17,17,136,1162,100,65664,19.869924609995852,18.598784000008685,26.10320369999086,17.082281560000002,0.20946947000000002,2.44531244,0.04834601999561983,47.352143999999996,680.16467,33816576,495466,34312042,33030144,495296,990634,17.620362000002388,155058176
ZKsync broad,128,activebalance,2,7740,15478,17,17,136,911,100,66912,20.402618630001648,19.6132645000192,26.090092650000834,17.77217001,0.18838935,2.27680158,0.07682919999751903,42.7141,636.51241,33423360,495466,33918826,33980416,495296,990634,88.93216999996412,157155328
ZKsync broad,128,flat_active,2,7740,15478,17,17,136,15478,100,272000,59.23711228000581,57.413939499994584,69.14469100005923,48.42326056,1.35816529,9.28385567,0.056872820003377456,30.358009000000003,172.65966,8126464,495338,8621802,8192000,495296,990634,27.154445000007854,48578560
ZKsync broad,128,pbc_routed,3,7740,15478,17,26,208,1880,100,141920,37.81333785000385,36.3501290000131,47.865304899983144,32.21988827,0.46809184,4.87810643,0.06355688000041937,126.75657800000005,1330.587225,72876032,1238482,74114514,71598080,1485888,990634,37.672766000014235,322269184
ZKsync broad,128,first_fit,3,7740,15478,17,17,136,4282,100,47776,17.028823600004518,16.367270000008055,22.74319739997423,14.94632473,0.19527517,1.7521534500000002,0.061611150002249815,42.175591000000004,502.908758,24641536,495466,25137002,23592960,495296,990634,16.706306000003224,121475072
ZKsync broad,128,nonempty_depth,3,7740,15478,17,25,200,3014,100,57856,22.69815104999806,21.586048999986833,29.824463849979306,20.18372513,0.21743959,2.12444723,0.0568818299979057,41.05154900000001,594.918726,29753344,495530,30248874,28540928,495296,990634,20.577564000006987,142475264
ZKsync broad,128,activebalance,3,7740,15478,17,17,136,911,100,66912,19.598148869999147,18.593957499999153,25.920512799947904,16.8688909,0.19872364,2.39963977,0.04330853999704232,48.401494,681.4192,33423360,495466,33918826,33980416,495296,990634,17.22580000000562,155975680
ZKsync broad,128,flat_active,3,7740,15478,17,17,136,15478,100,272000,56.6579783799981,56.61469800000732,63.055371600013764,44.9804405,1.45308678,10.05450893,0.047218089998750656,29.749464000000003,164.010834,8126464,495338,8621802,8192000,495296,990634,21.445345000017824,48365568
ZKsync broad,128,hybrid,3,7740,15478,17,17,136,1162,100,65664,18.169787809995274,17.642138499979986,21.319883600071506,15.46601797,0.20141009,2.36946507,0.050290739998786194,46.88307099999998,605.81172,33816576,495466,34312042,33030144,495296,990634,17.008139999973082,162635776
ZKsync broad,128,first_fit,4,7740,15478,17,17,136,4282,100,47776,15.05574459000389,14.578998999986297,17.22728499995761,13.05654776,0.18268026,1.7087884899999999,0.04641266000248834,34.918337999999984,443.58485,24641536,495466,25137002,23592960,495296,990634,19.58502799999451,125407232
ZKsync broad,128,nonempty_depth,4,7740,15478,17,25,200,3014,100,57856,20.24237298999784,19.738490999992223,23.548438750002322,17.81342771,0.21286958999999997,2.07602275,0.04787396000097033,38.07294799999997,546.897374,29753344,495530,30248874,28540928,495296,990634,95.79395499997645,144224256
ZKsync broad,128,flat_active,4,7740,15478,17,17,136,15478,100,272000,52.38091970000789,52.30084849997495,55.058981000068954,42.19516561,1.2744008,8.75512173,0.05201551000538984,31.072425,159.11461,8126464,495338,8621802,8192000,495296,990634,19.04077500000767,48091136
ZKsync broad,128,pbc_routed,4,7740,15478,17,26,208,1880,100,141920,39.35757389999927,38.17600600001877,49.71456419999373,33.66959759,0.48447011,4.93450147,0.09455857999512318,123.58823200000005,1288.509923,72876032,1238482,74114514,71598080,1485888,990634,56.462809000038305,321126400
ZKsync broad,128,hybrid,4,7740,15478,17,17,136,1162,100,65664,22.082232069997925,21.255334000012407,28.435399149960986,19.22292774,0.21742076000000002,2.46312107,0.082535309998093,44.53049200000001,629.974059,33816576,495466,34312042,33030144,495296,990634,20.72969699997884,156196864
ZKsync broad,128,activebalance,4,7740,15478,17,17,136,911,100,66912,21.54157717999788,20.600716999971592,27.828895900033135,18.789357550000002,0.20907133,2.3933199800000002,0.0465822000001026,43.35395999999999,630.677134,33423360,495466,33918826,33980416,495296,990634,27.22037499995622,152567808
