case,method,repeat,target_id,serialized_proof_wall_ms,route_ms,query_ms,query_roundtrip_ms,answer_ms,answer_roundtrip_ms,decode_ms,proof_verify_ms,online_framed_bytes,real_records,valid_root_independently_verified
prefix64_n10000,pbc,0,3652,363.721828,0.044006,3.859395,0.247241,358.195332,0.146515,0.998136,0.2271,1048955,12,True
prefix64_n10000,pbc,0,3731,367.445802,0.044981,3.601271,0.266174,362.366998,0.113351,0.98163,0.067078,1048955,14,True
prefix64_n10000,pbc,0,1449,375.286056,0.04181,3.830144,0.274516,369.973611,0.118792,0.976888,0.066055,1048955,14,True
prefix64_n10000,pbc,0,8224,395.999583,0.041345,3.849917,0.255615,390.596436,0.126291,1.056395,0.068694,1048955,11,True
prefix64_n10000,pbc,0,320,362.474907,0.042264,3.894572,0.260134,357.13257,0.117641,0.957162,0.066436,1048955,14,True
prefix64_n10000,pbc,0,4684,378.882892,0.050486,3.794586,0.221463,373.724834,0.108875,0.909348,0.069451,1048955,13,True
prefix64_n10000,pbc,0,529,373.462445,0.052083,3.923887,0.250585,367.995857,0.161704,1.007549,0.066396,1048955,13,True
prefix64_n10000,pbc,0,3455,384.177727,0.074239,4.028906,0.366161,378.518062,0.119552,0.998627,0.068073,1048955,12,True
prefix64_n10000,pbc,0,9468,372.833668,0.10969,4.522243,0.269327,366.794362,0.109233,0.955202,0.068394,1048955,15,True
prefix64_n10000,pbc,0,1069,365.667732,0.039602,3.762941,0.200224,360.544947,0.113064,0.935755,0.067964,1048955,14,True
prefix64_n10000,ab,0,3652,373.23578,0.013663,3.428794,0.19783,368.233592,0.181573,1.111325,0.065163,1048955,12,True
prefix64_n10000,ab,0,3731,370.991679,0.013099,3.867898,0.232834,365.63437,0.11756,0.992313,0.129355,1048955,14,True
prefix64_n10000,ab,0,1449,372.145856,0.011775,3.933868,0.24776,366.530607,0.166394,1.185089,0.065927,1048955,14,True
prefix64_n10000,ab,0,8224,358.793068,0.013248,3.934951,0.237639,353.555307,0.099047,0.88242,0.066288,1048955,11,True
prefix64_n10000,ab,0,320,357.000624,0.011248,3.2968,0.299329,352.220309,0.113402,0.984941,0.069416,1048955,14,True
prefix64_n10000,ab,0,4684,373.519823,0.012897,3.736724,0.270781,368.34223,0.113437,0.971051,0.066992,1048955,13,True
prefix64_n10000,ab,0,529,372.998282,0.012193,3.171634,0.181263,368.476316,0.114702,0.972451,0.065941,1048955,13,True
prefix64_n10000,ab,0,3455,354.106534,0.012036,3.246344,0.186049,349.562642,0.113432,0.915417,0.067184,1048955,12,True
prefix64_n10000,ab,0,9468,359.385099,0.013065,3.231009,0.24425,354.664465,0.111043,1.050409,0.065923,1048955,15,True
prefix64_n10000,ab,0,1069,380.665366,0.013093,3.665897,0.293384,375.429416,0.112104,1.079947,0.065632,1048955,14,True
uniform_n10000,ab,0,3455,360.100338,0.014517,3.268752,0.207585,355.504655,0.113756,0.920922,0.067331,1048955,15,True
uniform_n10000,ab,0,4684,358.742504,0.013784,3.277251,0.379125,354.009783,0.102406,0.889273,0.066251,1048955,14,True
uniform_n10000,ab,0,8224,364.701864,0.013641,3.269781,0.200873,359.903723,0.106073,1.126413,0.078217,1048955,14,True
uniform_n10000,ab,0,7967,368.250071,0.014523,3.525751,0.200183,363.364001,0.122622,0.951616,0.067448,1048955,12,True
uniform_n10000,ab,0,6995,378.655324,0.016637,3.254559,0.201798,373.931759,0.156033,1.023203,0.067377,1048955,13,True
uniform_n10000,ab,0,9468,370.141637,0.011226,3.42851,0.338664,365.21228,0.116855,0.962529,0.066505,1048955,14,True
uniform_n10000,ab,0,5982,366.186396,0.014158,3.221632,0.220664,361.594686,0.105734,0.959484,0.065598,1048955,13,True
uniform_n10000,ab,0,529,361.178119,0.011834,3.125093,0.20258,356.627654,0.119316,1.019018,0.067598,1048955,14,True
uniform_n10000,ab,0,542,367.172339,0.011764,3.150995,0.234106,362.46423,0.114222,1.122291,0.070834,1048955,13,True
uniform_n10000,ab,0,4109,359.57751,0.013696,3.698135,0.384497,354.449108,0.087699,0.876879,0.063677,1048955,13,True
uniform_n10000,pbc,0,3455,313.989286,0.047241,3.303275,0.236077,309.470132,0.109606,0.764318,0.055139,1048955,15,True
uniform_n10000,pbc,0,4684,315.331274,0.037096,3.203855,0.203699,310.7783,0.102032,0.932977,0.069484,1048955,14,True
uniform_n10000,pbc,0,8224,331.413041,0.053798,4.092204,0.250329,325.917196,0.121664,0.906816,0.066913,1048955,14,True
uniform_n10000,pbc,0,7967,318.660223,0.041086,4.085555,0.28452,313.295647,0.097784,0.797104,0.054616,1048955,12,True
uniform_n10000,pbc,0,6995,315.08753,0.039276,3.690888,0.249145,310.130137,0.091925,0.824966,0.057611,1048955,13,True
uniform_n10000,pbc,0,9468,326.826894,0.041923,3.176079,0.173712,322.420381,0.102053,0.847765,0.061946,1048955,14,True
uniform_n10000,pbc,0,5982,313.556093,0.05561,3.649581,0.262704,308.557221,0.104383,0.864441,0.058027,1048955,13,True
uniform_n10000,pbc,0,529,325.866379,0.037843,3.198825,0.225339,321.176548,0.098746,1.061146,0.063762,1048955,14,True
uniform_n10000,pbc,0,542,324.070949,0.041268,3.199837,0.187428,319.635956,0.09694,0.848345,0.058209,1048955,13,True
uniform_n10000,pbc,0,4109,315.096569,0.043499,3.681643,0.251747,310.008801,0.09965,0.944752,0.062661,1048955,13,True
cluster90_n10000,pbc,0,4238,313.686605,0.054146,3.688642,0.205978,308.771873,0.104345,0.80157,0.055494,1048955,23,True
cluster90_n10000,pbc,0,6995,318.941399,0.05853,3.878884,0.277627,313.750546,0.100888,0.813328,0.05752,1048955,22,True
cluster90_n10000,pbc,0,741,313.438723,0.060898,4.111221,0.350273,307.892036,0.096796,0.865851,0.057069,1048955,25,True
cluster90_n10000,pbc,0,3652,310.739286,0.05841,4.276551,0.241091,305.203994,0.093925,0.804602,0.056897,1048955,23,True
cluster90_n10000,pbc,0,7967,314.888889,0.05686,3.672965,0.238614,309.373087,0.094729,1.390707,0.056959,1048955,22,True
cluster90_n10000,pbc,0,9205,310.687324,0.124587,4.040925,0.231311,305.341184,0.081457,0.806284,0.056828,1048955,11,True
cluster90_n10000,pbc,0,5982,310.524351,0.06039,4.54832,0.276748,304.672184,0.096605,0.808653,0.05727,1048955,22,True
cluster90_n10000,pbc,0,8678,309.80545,0.063807,4.220768,0.280149,304.128467,0.102241,0.949163,0.056413,1048955,23,True
cluster90_n10000,pbc,0,3455,307.083728,0.06117,4.289499,0.240298,301.500841,0.09624,0.834442,0.057129,1048955,25,True
cluster90_n10000,pbc,0,4684,303.402452,0.053688,4.015098,0.265038,298.046724,0.093023,0.868082,0.056454,1048955,24,True
cluster90_n10000,ab,0,4238,293.617905,0.013259,3.679361,0.219136,288.671888,0.093965,0.871442,0.065551,1048955,23,True
cluster90_n10000,ab,0,6995,316.598911,0.012849,4.174613,0.232848,311.178395,0.103796,0.836351,0.05569,1048955,22,True
cluster90_n10000,ab,0,741,308.894968,0.012151,3.823663,0.382644,303.576398,0.102972,0.936307,0.055712,1048955,25,True
cluster90_n10000,ab,0,3652,300.269305,0.01258,3.123872,0.157537,296.013255,0.101656,0.800392,0.057365,1048955,23,True
cluster90_n10000,ab,0,7967,312.071181,0.012527,3.486238,0.229022,307.291966,0.10021,0.886919,0.06052,1048955,22,True
cluster90_n10000,ab,0,9205,302.912469,0.010861,4.029426,0.307374,297.423606,0.09828,0.983275,0.055524,1048955,11,True
cluster90_n10000,ab,0,5982,317.757989,0.014319,3.249306,0.192892,313.094039,0.101917,0.98918,0.112371,1048955,22,True
cluster90_n10000,ab,0,8678,303.236712,0.046094,3.490883,0.189458,298.42431,0.106124,0.91847,0.057264,1048955,23,True
cluster90_n10000,ab,0,3455,308.849378,0.027261,3.20201,0.231991,303.897352,0.083804,1.344451,0.058574,1048955,25,True
cluster90_n10000,ab,0,4684,300.840061,0.015363,3.341756,0.209845,296.330049,0.104973,0.77659,0.057164,1048955,24,True
complete_h10,treepir,0,71,298.193017,0.00619,2.805143,0.281166,294.173343,0.123079,0.777283,0.022737,1048955,10,True
complete_h10,treepir,0,431,296.489371,0.00614,2.357718,0.184312,293.003344,0.102986,0.808821,0.02304,1048955,10,True
complete_h10,treepir,0,66,299.881366,0.005863,3.166948,0.251191,295.334033,0.128515,0.966026,0.025619,1048955,10,True
complete_h10,treepir,0,181,310.074171,0.005925,2.908905,0.234823,305.836702,0.132145,0.9259,0.02568,1048955,10,True
complete_h10,treepir,0,466,303.543249,0.006508,2.567101,0.213903,299.80022,0.103267,0.823604,0.024968,1048955,10,True
complete_h10,treepir,0,934,303.360658,0.00591,2.402261,0.209978,299.788422,0.106634,0.820859,0.022977,1048955,10,True
complete_h10,treepir,0,40,319.496414,0.006475,2.443385,0.196643,315.921675,0.101438,0.798162,0.025561,1048955,10,True
complete_h10,treepir,0,187,302.952169,0.005906,2.392092,0.175841,299.134851,0.096307,1.120634,0.023508,1048955,10,True
complete_h10,treepir,0,694,302.470373,0.007531,2.570823,0.39199,298.3398,0.112542,1.016519,0.027125,1048955,10,True
complete_h10,treepir,0,753,312.411126,0.005405,2.974823,0.227706,307.974523,0.116571,1.08162,0.02634,1048955,10,True
complete_h10,pbc,0,71,296.647818,0.022056,3.7109,0.385761,291.577556,0.094831,0.826797,0.02686,1048955,10,True
complete_h10,pbc,0,431,300.125759,0.022622,2.842499,0.201884,295.783018,0.126408,1.119984,0.025773,1048955,10,True
complete_h10,pbc,0,66,307.082597,0.021604,2.902547,0.214663,303.00018,0.095367,0.822707,0.023267,1048955,10,True
complete_h10,pbc,0,181,308.091894,0.022689,2.718184,0.18442,304.214159,0.096478,0.830474,0.022783,1048955,10,True
complete_h10,pbc,0,466,305.558841,0.020026,2.636028,0.21443,301.842392,0.083077,0.738631,0.021887,1048955,10,True
complete_h10,pbc,0,934,300.921008,0.021754,3.030088,0.225403,296.569393,0.111853,0.931424,0.0267,1048955,10,True
complete_h10,pbc,0,40,298.773707,0.02483,3.165849,0.200269,294.411649,0.112065,0.832762,0.02345,1048955,10,True
complete_h10,pbc,0,187,302.315097,0.022325,2.688683,0.170434,298.50034,0.096701,0.809555,0.023939,1048955,10,True
complete_h10,pbc,0,694,297.01843,0.02168,3.265014,0.247979,292.504511,0.114502,0.836679,0.024007,1048955,10,True
complete_h10,pbc,0,753,310.078987,0.022607,3.215343,0.234498,305.629652,0.097596,0.851163,0.024563,1048955,10,True
complete_h10,ab,0,71,304.391286,0.006593,2.822086,0.310643,300.188695,0.164857,0.872721,0.021943,1048955,10,True
complete_h10,ab,0,431,296.232265,0.006804,2.78542,0.220039,292.250552,0.126165,0.815235,0.024515,1048955,10,True
complete_h10,ab,0,66,306.961797,0.006986,2.630662,0.198964,303.191561,0.118335,0.78907,0.023431,1048955,10,True
complete_h10,ab,0,181,296.569304,0.006798,3.158265,0.300708,291.709062,0.161064,1.204982,0.024247,1048955,10,True
complete_h10,ab,0,466,304.84759,0.006545,2.48745,0.17676,301.075989,0.107571,0.966061,0.023914,1048955,10,True
complete_h10,ab,0,934,296.948833,0.005095,2.542771,0.206385,292.918218,0.099055,1.150017,0.023693,1048955,10,True
complete_h10,ab,0,40,298.915608,0.006247,3.388674,0.250599,294.363923,0.100265,0.777421,0.025274,1048955,10,True
complete_h10,ab,0,187,297.225125,0.007954,2.982927,0.326084,292.989901,0.098317,0.791887,0.023758,1048955,10,True
complete_h10,ab,0,694,288.595796,0.014299,2.329093,0.164676,285.123483,0.103076,0.83162,0.026753,1048955,10,True
complete_h10,ab,0,753,298.815614,0.006146,3.085629,0.235479,294.210235,0.150312,1.097197,0.027445,1048955,10,True
uniform_n1000,pbc,0,916,297.662128,0.026554,3.065105,0.192618,293.390456,0.09828,0.815905,0.069063,1048955,11,True
uniform_n1000,pbc,0,798,307.604452,0.026478,2.823532,0.177296,303.597627,0.095598,0.824937,0.055451,1048955,13,True
uniform_n1000,pbc,0,770,306.444805,0.02494,3.227224,0.236407,302.032341,0.092066,0.772547,0.056037,1048955,10,True
uniform_n1000,pbc,0,376,295.021377,0.025463,2.936741,0.217792,290.835879,0.10093,0.842309,0.057468,1048955,9,True
uniform_n1000,pbc,0,976,290.779046,0.027897,2.937878,0.150557,286.682979,0.090142,0.833279,0.053161,1048955,9,True
uniform_n1000,pbc,0,468,303.131001,0.032743,3.323092,0.214867,298.585134,0.10536,0.811826,0.054418,1048955,11,True
uniform_n1000,pbc,0,759,311.395348,0.025161,2.868438,0.192487,307.241761,0.104135,0.894044,0.065063,1048955,10,True
uniform_n1000,pbc,0,514,302.755834,0.025988,2.771629,0.182388,298.541555,0.078747,1.093279,0.058461,1048955,11,True
uniform_n1000,pbc,0,292,299.112351,0.02497,2.990604,0.161346,294.953649,0.092536,0.828028,0.057084,1048955,10,True
uniform_n1000,pbc,0,46,292.797227,0.024869,3.104315,0.164798,287.939051,0.092328,1.381081,0.086316,1048955,10,True
uniform_n1000,ab,0,916,321.713344,0.005704,2.507198,0.165519,317.925608,0.107314,0.933397,0.065896,1048955,11,True
uniform_n1000,ab,0,798,332.877105,0.007204,3.073111,0.404381,328.298319,0.106968,0.901879,0.081959,1048955,13,True
uniform_n1000,ab,0,770,332.181738,0.006623,2.873973,0.281057,327.933071,0.110953,0.910265,0.061711,1048955,10,True
uniform_n1000,ab,0,376,327.984774,0.008317,2.94083,0.242853,323.733123,0.111205,0.882984,0.061131,1048955,9,True
uniform_n1000,ab,0,976,329.394314,0.006577,2.814301,0.246214,324.957669,0.118322,1.186198,0.060221,1048955,9,True
uniform_n1000,ab,0,468,327.315477,0.006946,2.813316,0.249888,323.126895,0.129714,0.92378,0.061894,1048955,11,True
uniform_n1000,ab,0,759,329.118722,0.006158,3.635617,0.236084,324.159929,0.113129,0.903826,0.060555,1048955,10,True
uniform_n1000,ab,0,514,324.914495,0.007089,2.804458,0.464363,320.520355,0.110819,0.943565,0.060228,1048955,11,True
uniform_n1000,ab,0,292,335.960021,0.007722,3.398157,0.380501,330.710791,0.128994,1.254905,0.073951,1048955,10,True
uniform_n1000,ab,0,46,324.733499,0.007226,3.284258,0.239945,319.983607,0.121269,1.033379,0.060119,1048955,10,True
uniform_n100000,pbc,0,4341,838.833203,0.063752,6.950416,0.615541,830.593483,0.082392,0.459903,0.062886,1311220,15,True
uniform_n100000,pbc,0,2563,839.432316,0.058197,6.108385,0.461847,832.167134,0.102727,0.46839,0.061836,1311220,17,True
uniform_n100000,pbc,0,32877,850.034219,0.061937,6.645106,0.443077,842.118712,0.093328,0.595015,0.07262,1311220,18,True
uniform_n100000,pbc,0,25699,865.195299,0.064015,5.902021,0.495046,857.997551,0.073422,0.595603,0.063922,1311220,16,True
uniform_n100000,pbc,0,44461,864.844902,0.064997,5.805778,0.345453,858.01686,0.076047,0.469445,0.062208,1311220,17,True
uniform_n100000,pbc,0,65796,845.097617,0.060863,5.851951,0.437835,838.108313,0.084169,0.488287,0.061753,1311220,17,True
uniform_n100000,pbc,0,69428,859.274114,0.067091,6.31907,0.458893,851.810208,0.08295,0.469636,0.062899,1311220,18,True
uniform_n100000,pbc,0,55961,836.290249,0.061265,5.879719,0.428602,829.233717,0.093917,0.523998,0.065024,1311220,18,True
uniform_n100000,pbc,0,37474,865.151424,0.066974,6.329021,0.477272,857.475337,0.271828,0.464163,0.061905,1311220,17,True
uniform_n100000,pbc,0,47863,839.211732,0.062562,6.069896,0.509573,831.819455,0.075293,0.46826,0.191056,1311220,18,True
uniform_n100000,ab,0,4341,573.972644,0.021048,4.38504,0.321174,568.668065,0.073515,0.442403,0.057863,1311220,15,True
uniform_n100000,ab,0,2563,556.556536,0.019128,4.291168,0.346624,551.377105,0.05864,0.404929,0.054678,1311220,17,True
uniform_n100000,ab,0,32877,572.016162,0.02274,4.414726,0.508779,566.48761,0.0669,0.455064,0.057036,1311220,18,True
uniform_n100000,ab,0,25699,556.334733,0.021301,4.752509,0.368179,550.637516,0.078335,0.416509,0.056442,1311220,16,True
uniform_n100000,ab,0,44461,585.636336,0.022693,4.307091,0.266198,580.452494,0.075425,0.450377,0.058233,1311220,17,True
uniform_n100000,ab,0,65796,565.406283,0.025148,4.544604,0.524639,559.77439,0.058611,0.41505,0.05924,1311220,17,True
uniform_n100000,ab,0,69428,571.680087,0.026573,4.420391,0.304033,566.355899,0.073453,0.438503,0.056837,1311220,18,True
uniform_n100000,ab,0,55961,560.943285,0.024864,5.012556,0.408295,554.932349,0.069748,0.430689,0.061074,1311220,18,True
uniform_n100000,ab,0,37474,563.823865,0.025899,4.932376,0.394562,557.926459,0.066727,0.418529,0.055561,1311220,17,True
uniform_n100000,ab,0,47863,556.071479,0.025195,4.336575,0.4121,550.7204,0.072757,0.43841,0.060639,1311220,18,True
complete_h14,ab,0,9421,322.987379,0.013344,2.938679,0.207568,318.897757,0.109814,0.789576,0.026127,1048955,14,True
complete_h14,ab,0,7832,317.040871,0.012923,3.074076,0.252917,312.730251,0.102155,0.839747,0.024636,1048955,14,True
complete_h14,ab,0,9534,326.59565,0.014047,2.86815,0.228542,322.498172,0.097658,0.860541,0.02548,1048955,14,True
complete_h14,ab,0,640,333.608913,0.012416,3.050501,0.226191,329.209292,0.131356,0.950788,0.024473,1048955,14,True
complete_h14,ab,0,9368,332.742722,0.013555,2.593818,0.180522,329.020716,0.099309,0.807546,0.024501,1048955,14,True
complete_h14,ab,0,6910,314.697015,0.012152,2.683856,0.75585,310.409513,0.085206,0.722891,0.023984,1048955,14,True
complete_h14,ab,0,7304,320.41727,0.010986,2.520707,0.243728,316.657974,0.106332,0.832876,0.024822,1048955,14,True
complete_h14,ab,0,1482,323.70552,0.013439,2.605403,0.186077,319.886728,0.11454,0.870483,0.025645,1048955,14,True
complete_h14,ab,0,8104,316.964281,0.012514,2.961614,0.178589,312.833672,0.096578,0.853598,0.024873,1048955,14,True
complete_h14,ab,0,13990,327.536567,0.011319,2.565549,0.212121,323.732488,0.161364,0.825021,0.024559,1048955,14,True
complete_h14,treepir,0,9421,319.451096,0.012578,3.267988,0.215704,315.039166,0.106609,0.779066,0.026112,1048955,14,True
complete_h14,treepir,0,7832,318.30111,0.014712,3.248127,0.228945,313.631134,0.111623,1.033651,0.028485,1048955,14,True
complete_h14,treepir,0,9534,336.169351,0.01024,3.842265,0.265949,331.121572,0.111107,0.791351,0.023531,1048955,14,True
complete_h14,treepir,0,640,315.752619,0.010757,3.138805,0.205615,311.220308,0.107356,1.037961,0.027322,1048955,14,True
complete_h14,treepir,0,9368,310.893227,0.012006,2.610061,0.182142,306.851063,0.08237,1.126257,0.026092,1048955,14,True
complete_h14,treepir,0,6910,320.421196,0.011564,2.786078,0.209433,316.437802,0.101543,0.844022,0.027468,1048955,14,True
complete_h14,treepir,0,7304,313.401738,0.012009,2.513586,0.163019,309.76059,0.105471,0.818141,0.025997,1048955,14,True
complete_h14,treepir,0,1482,300.674231,0.012528,2.6035,0.22899,296.924039,0.099822,0.775894,0.026144,1048955,14,True
complete_h14,treepir,0,8104,328.635346,0.012607,3.092937,0.200988,324.40942,0.093971,0.795081,0.02609,1048955,14,True
complete_h14,treepir,0,13990,318.178017,0.012242,2.879308,0.278208,313.42917,0.13473,1.291723,0.034296,1048955,14,True
complete_h14,pbc,0,9421,468.668441,0.061339,4.552014,0.38969,462.944333,0.074887,0.612013,0.029347,1311220,14,True
complete_h14,pbc,0,7832,483.15736,0.047778,6.206401,0.472457,475.903104,0.068272,0.430775,0.024272,1311220,14,True
complete_h14,pbc,0,9534,467.969897,0.033756,4.729678,0.399259,462.304504,0.06164,0.414356,0.023804,1311220,14,True
complete_h14,pbc,0,640,493.700993,0.033414,4.719368,0.385558,487.929191,0.063377,0.538673,0.027151,1311220,14,True
complete_h14,pbc,0,9368,463.398842,0.038662,4.930881,0.387934,457.538051,0.055711,0.420444,0.024071,1311220,14,True
complete_h14,pbc,0,6910,478.641711,0.049013,4.35796,0.315485,473.390096,0.05356,0.448531,0.024422,1311220,14,True
complete_h14,pbc,0,7304,461.432346,0.03425,4.971859,0.395793,455.503369,0.062153,0.437508,0.024246,1311220,14,True
complete_h14,pbc,0,1482,468.639721,0.034768,4.491623,0.268014,463.33892,0.057808,0.420285,0.025011,1311220,14,True
complete_h14,pbc,0,8104,476.031623,0.034214,4.426478,0.319588,470.769981,0.050106,0.402777,0.02462,1311220,14,True
complete_h14,pbc,0,13990,468.876659,0.037668,4.80377,0.411017,463.040143,0.056929,0.495995,0.027367,1311220,14,True
cluster90_n10000,ab,1,4767,328.699276,0.014546,3.509354,0.192255,323.819642,0.112097,0.977528,0.068867,1048955,23,True
cluster90_n10000,ab,1,3173,326.404079,0.015294,3.646286,0.271357,321.378724,0.098374,0.883003,0.106495,1048955,25,True
cluster90_n10000,ab,1,4238,337.17147,0.014606,3.817355,0.290181,331.921812,0.110963,0.947898,0.0626,1048955,23,True
cluster90_n10000,ab,1,1497,343.965181,0.013631,6.538752,0.259904,336.074317,0.115062,0.895132,0.062519,1048955,23,True
cluster90_n10000,ab,1,1069,328.29448,0.013328,3.422209,0.25204,323.47409,0.098965,0.963466,0.065892,1048955,25,True
cluster90_n10000,ab,1,9205,330.709535,0.01056,3.542502,0.239892,325.929579,0.096186,0.829374,0.058367,1048955,11,True
cluster90_n10000,ab,1,9052,330.325651,0.01003,3.977698,0.277396,325.016491,0.096849,0.882444,0.060677,1048955,10,True
cluster90_n10000,ab,1,529,327.402409,0.01358,3.373633,0.180258,322.814968,0.104631,0.852316,0.059955,1048955,23,True
cluster90_n10000,ab,1,4109,322.913191,0.013156,3.316654,0.228793,318.244628,0.102015,0.925978,0.077734,1048955,24,True
cluster90_n10000,ab,1,542,331.103375,0.01282,6.429158,0.273403,323.365425,0.101626,0.857518,0.058951,1048955,23,True
cluster90_n10000,pbc,1,4767,338.116447,0.07264,5.137878,0.308035,331.459525,0.106386,0.967035,0.05971,1048955,23,True
cluster90_n10000,pbc,1,3173,340.161495,0.062353,4.843241,0.239423,333.998569,0.099986,0.853902,0.059904,1048955,25,True
cluster90_n10000,pbc,1,4238,346.298749,0.06032,4.269433,0.282639,340.635161,0.107791,0.873116,0.066213,1048955,23,True
cluster90_n10000,pbc,1,1497,331.655436,0.067509,4.320098,0.298604,325.950634,0.087675,0.849372,0.076812,1048955,23,True
cluster90_n10000,pbc,1,1069,333.621389,0.063086,4.45053,0.215272,327.289697,0.114039,1.40726,0.075945,1048955,25,True
cluster90_n10000,pbc,1,9205,317.323696,0.058656,4.273913,0.239047,311.548436,0.092269,1.052354,0.055096,1048955,11,True
cluster90_n10000,pbc,1,9052,318.108515,0.049704,4.099512,0.236777,312.663444,0.092143,0.907728,0.055267,1048955,10,True
cluster90_n10000,pbc,1,529,316.918546,0.052541,4.632847,0.248156,311.011019,0.096213,0.814726,0.057535,1048955,23,True
cluster90_n10000,pbc,1,4109,310.383527,0.061778,3.952178,0.240648,304.914229,0.188987,0.966039,0.055352,1048955,24,True
cluster90_n10000,pbc,1,542,307.093597,0.056323,3.890816,0.21886,301.953469,0.112198,0.80065,0.056481,1048955,23,True
complete_h14,treepir,1,640,328.357884,0.013062,4.185362,0.297992,322.671737,0.102639,1.052212,0.030203,1048955,14,True
complete_h14,treepir,1,12050,315.959816,0.014392,3.083914,0.245896,311.736991,0.085755,0.762802,0.026182,1048955,14,True
complete_h14,treepir,1,630,310.148395,0.010627,2.794367,0.221056,306.168352,0.097687,0.826662,0.026235,1048955,14,True
complete_h14,treepir,1,15935,317.978469,0.009412,2.944901,0.610042,313.474444,0.121926,0.789121,0.02485,1048955,14,True
complete_h14,treepir,1,1482,318.610359,0.015986,2.57021,0.218013,314.879304,0.10004,0.79921,0.02397,1048955,14,True
complete_h14,treepir,1,8104,324.180647,0.009738,2.80231,0.233858,320.20913,0.099153,0.796711,0.026191,1048955,14,True
complete_h14,treepir,1,13990,317.507219,0.011194,3.152884,0.417356,312.886546,0.125149,0.885121,0.025107,1048955,14,True
complete_h14,treepir,1,16144,320.26715,0.010632,3.155193,0.200631,315.87205,0.099366,0.900488,0.024804,1048955,14,True
complete_h14,treepir,1,2898,318.386377,0.011347,3.955263,0.227715,313.285825,0.095559,0.78087,0.026334,1048955,14,True
complete_h14,treepir,1,8477,343.50084,0.011948,2.579933,0.237911,339.673017,0.099791,0.866984,0.026886,1048955,14,True
complete_h14,pbc,1,640,483.369114,0.033031,4.47897,0.44895,477.885149,0.060379,0.432396,0.024991,1311220,14,True
complete_h14,pbc,1,12050,474.712201,0.036316,4.766899,0.478974,468.936437,0.054346,0.410188,0.024446,1311220,14,True
complete_h14,pbc,1,630,474.562611,0.034869,4.722368,0.401936,468.838347,0.063221,0.47071,0.026663,1311220,14,True
complete_h14,pbc,1,15935,512.676789,0.036392,4.592169,0.474583,506.965826,0.065529,0.509916,0.028014,1311220,14,True
complete_h14,pbc,1,1482,494.754686,0.037496,5.370816,0.482941,488.317616,0.062012,0.451948,0.026602,1311220,14,True
complete_h14,pbc,1,8104,518.351098,0.037893,5.024187,0.474462,512.249049,0.066799,0.466007,0.027223,1311220,14,True
complete_h14,pbc,1,13990,511.324517,0.039176,5.505577,0.665131,504.554891,0.060273,0.46847,0.027567,1311220,14,True
complete_h14,pbc,1,16144,501.080571,0.037177,5.891497,0.416194,494.187549,0.054257,0.462719,0.026759,1311220,14,True
complete_h14,pbc,1,2898,498.387969,0.033794,4.660577,0.274869,492.758852,0.055049,0.575307,0.026415,1311220,14,True
complete_h14,pbc,1,8477,504.012055,0.039847,5.998096,0.435778,496.9926,0.051931,0.464213,0.025487,1311220,14,True
complete_h14,ab,1,640,307.532121,0.01349,2.839789,0.210417,303.512528,0.100567,0.825841,0.025719,1048955,14,True
complete_h14,ab,1,12050,319.553043,0.011931,2.709023,0.335264,315.561533,0.098038,0.808019,0.025591,1048955,14,True
complete_h14,ab,1,630,341.028848,0.012833,3.67599,0.434796,335.979348,0.101253,0.795884,0.024573,1048955,14,True
complete_h14,ab,1,15935,309.960954,0.009182,2.741695,0.209793,306.053983,0.097496,0.820983,0.024747,1048955,14,True
complete_h14,ab,1,1482,320.179619,0.012087,3.086141,0.20374,315.945318,0.105078,0.797892,0.025322,1048955,14,True
complete_h14,ab,1,8104,332.209641,0.011973,2.692081,0.180774,328.391215,0.101902,0.804101,0.024604,1048955,14,True
complete_h14,ab,1,13990,313.053497,0.011403,2.668452,0.29911,309.117087,0.109153,0.820126,0.024343,1048955,14,True
complete_h14,ab,1,16144,318.700144,0.010011,2.601103,0.207172,314.970727,0.09858,0.78407,0.025135,1048955,14,True
complete_h14,ab,1,2898,311.440688,0.015384,2.697722,0.234748,307.57916,0.095225,0.78974,0.026043,1048955,14,True
complete_h14,ab,1,8477,311.068426,0.012348,3.22573,0.321953,306.499717,0.09579,0.883156,0.024908,1048955,14,True
prefix64_n10000,ab,1,8224,309.605471,0.013505,3.166339,0.227266,305.133218,0.103105,0.903681,0.054611,1048955,11,True
prefix64_n10000,ab,1,8963,324.567405,0.010406,3.104077,0.191324,320.273999,0.102605,0.824125,0.056879,1048955,15,True
prefix64_n10000,ab,1,3731,317.942471,0.011811,2.72242,0.168452,313.772493,0.108254,1.100609,0.054975,1048955,14,True
prefix64_n10000,ab,1,6995,303.839556,0.011984,2.784374,0.217364,299.750736,0.087916,0.921495,0.063083,1048955,13,True
prefix64_n10000,ab,1,320,325.476642,0.011633,2.78326,0.168744,321.191766,0.127952,1.133493,0.056075,1048955,14,True
prefix64_n10000,ab,1,4238,308.877887,0.01333,2.983698,0.154895,304.716519,0.09506,0.856247,0.055089,1048955,14,True
prefix64_n10000,ab,1,5557,301.114171,0.021947,3.155572,0.25158,296.490769,0.093225,1.016571,0.08021,1048955,13,True
prefix64_n10000,ab,1,1449,322.473818,0.011529,2.944847,0.190912,318.29332,0.09646,0.878012,0.054549,1048955,14,True
prefix64_n10000,ab,1,3455,307.517355,0.01087,3.769497,0.234517,302.384817,0.141218,0.916047,0.056844,1048955,12,True
prefix64_n10000,ab,1,529,313.711743,0.010842,2.761978,0.185506,309.768691,0.129381,0.798131,0.053621,1048955,13,True
prefix64_n10000,pbc,1,8224,317.820146,0.037681,3.036294,0.209629,313.575318,0.118092,0.782469,0.055885,1048955,11,True
prefix64_n10000,pbc,1,8963,324.816029,0.041554,3.418578,0.280756,320.072938,0.097148,0.84427,0.057179,1048955,15,True
prefix64_n10000,pbc,1,3731,327.435565,0.039442,3.761729,0.247925,322.295868,0.108404,0.920188,0.058045,1048955,14,True
prefix64_n10000,pbc,1,6995,318.262254,0.041677,3.182448,0.229598,313.768932,0.085266,0.894202,0.056195,1048955,13,True
prefix64_n10000,pbc,1,320,316.895848,0.037941,3.310637,0.178007,312.259851,0.118598,0.923278,0.063515,1048955,14,True
prefix64_n10000,pbc,1,4238,315.731189,0.051213,4.226672,0.240077,310.241856,0.100827,0.809287,0.056937,1048955,14,True
prefix64_n10000,pbc,1,5557,322.371049,0.040654,3.35405,0.241002,317.532996,0.097831,1.042869,0.057483,1048955,13,True
prefix64_n10000,pbc,1,1449,331.934633,0.041343,3.252845,0.179603,327.508939,0.097044,0.796512,0.054924,1048955,14,True
prefix64_n10000,pbc,1,3455,315.115808,0.039845,3.084164,0.166769,310.912353,0.0963,0.759499,0.054127,1048955,12,True
prefix64_n10000,pbc,1,529,320.287493,0.039789,3.293137,0.200304,315.579126,0.150382,0.959863,0.060999,1048955,13,True
complete_h10,ab,1,588,309.158461,0.006155,2.469472,0.222846,305.498723,0.118072,0.815389,0.023906,1048955,10,True
complete_h10,ab,1,456,308.350185,0.006052,2.915731,0.227117,304.266664,0.118937,0.788402,0.022699,1048955,10,True
complete_h10,ab,1,529,324.218338,0.005924,2.865919,0.299821,320.077971,0.119332,0.821038,0.024892,1048955,10,True
complete_h10,ab,1,925,299.746212,0.005685,2.944204,0.277078,295.517209,0.119581,0.855138,0.024079,1048955,10,True
complete_h10,ab,1,401,314.153537,0.006209,3.526006,0.245287,308.970361,0.114842,1.260411,0.026896,1048955,10,True
complete_h10,ab,1,513,297.052032,0.00623,3.148074,0.191388,292.697732,0.112359,0.870551,0.022618,1048955,10,True
complete_h10,ab,1,466,305.579707,0.005216,3.405849,0.223021,300.965759,0.094992,0.858987,0.022278,1048955,10,True
complete_h10,ab,1,133,302.678909,0.006667,2.810374,0.23585,298.677823,0.098848,0.82057,0.025005,1048955,10,True
complete_h10,ab,1,396,300.893038,0.00663,2.665133,0.220469,297.102735,0.09811,0.772445,0.024112,1048955,10,True
complete_h10,ab,1,184,305.695816,0.006631,2.656414,0.356539,301.758078,0.123423,0.769503,0.022213,1048955,10,True
complete_h10,treepir,1,588,314.374228,0.006098,2.969911,0.242198,310.255947,0.101248,0.773503,0.021825,1048955,10,True
complete_h10,treepir,1,456,312.037362,0.006287,2.326319,0.213412,308.536561,0.121911,0.806718,0.023006,1048955,10,True
complete_h10,treepir,1,529,301.878553,0.005947,2.447325,0.242938,298.262623,0.118356,0.775883,0.02267,1048955,10,True
complete_h10,treepir,1,925,306.564064,0.006192,3.091138,0.253172,302.261687,0.126578,0.798667,0.022968,1048955,10,True
complete_h10,treepir,1,401,318.056632,0.006366,2.579022,0.218713,314.342442,0.09791,0.785577,0.023359,1048955,10,True
complete_h10,treepir,1,513,307.568855,0.005247,2.348278,0.190985,304.007589,0.112649,0.877702,0.02337,1048955,10,True
complete_h10,treepir,1,466,325.964034,0.006495,2.637284,0.20915,322.052122,0.108093,0.922923,0.024872,1048955,10,True
complete_h10,treepir,1,133,312.932633,0.007379,2.74216,0.205982,309.063182,0.101605,0.784955,0.024268,1048955,10,True
complete_h10,treepir,1,396,305.709005,0.006646,2.383429,0.549693,301.839286,0.099268,0.804041,0.023625,1048955,10,True
complete_h10,treepir,1,184,300.832399,0.006913,2.352453,0.245404,297.336563,0.09896,0.76469,0.02417,1048955,10,True
complete_h10,pbc,1,588,312.512987,0.021072,3.181257,0.163753,308.170801,0.102312,0.845436,0.025226,1048955,10,True
complete_h10,pbc,1,456,309.869062,0.02233,2.962981,0.207828,305.679541,0.127387,0.840777,0.024134,1048955,10,True
complete_h10,pbc,1,529,319.866495,0.021082,2.984662,0.1828,315.72959,0.086316,0.836267,0.023142,1048955,10,True
complete_h10,pbc,1,925,325.403111,0.021323,3.20966,0.253438,320.939154,0.108479,0.842297,0.02503,1048955,10,True
complete_h10,pbc,1,401,314.069092,0.02188,2.702668,0.173443,310.113469,0.157508,0.873678,0.023597,1048955,10,True
complete_h10,pbc,1,513,312.32185,0.038361,3.005665,0.433125,307.882587,0.100784,0.834487,0.023733,1048955,10,True
complete_h10,pbc,1,466,322.482063,0.021604,2.798399,0.16661,318.440776,0.103653,0.92305,0.025342,1048955,10,True
complete_h10,pbc,1,133,315.540561,0.022198,2.795723,0.237506,310.784501,0.093702,1.578052,0.025014,1048955,10,True
complete_h10,pbc,1,396,319.247637,0.023225,2.810531,0.205793,314.938585,0.113572,1.128565,0.023431,1048955,10,True
complete_h10,pbc,1,184,338.583426,0.022452,2.800415,0.177123,334.592862,0.100136,0.860249,0.026919,1048955,10,True
uniform_n100000,pbc,1,72418,854.580835,0.083053,5.729201,0.337045,847.803788,0.089165,0.472731,0.061401,1311220,17,True
uniform_n100000,pbc,1,55961,836.978093,0.063281,5.590067,0.483815,830.193365,0.07361,0.499621,0.069701,1311220,18,True
uniform_n100000,pbc,1,4341,929.514029,0.0646,5.934453,0.364694,922.109717,0.094741,0.874648,0.06586,1311220,15,True
uniform_n100000,pbc,1,63742,917.547524,0.068821,6.681723,0.582121,909.318507,0.09488,0.710552,0.086536,1311220,19,True
uniform_n100000,pbc,1,32877,910.488545,0.087051,8.359336,0.499703,900.254429,0.157781,1.025313,0.099269,1311220,18,True
uniform_n100000,pbc,1,37474,900.547241,0.082931,8.04856,0.426453,891.069495,0.086203,0.761613,0.066912,1311220,17,True
uniform_n100000,pbc,1,8555,925.720134,0.155368,6.70009,0.47417,917.702984,0.096902,0.508258,0.077922,1311220,16,True
uniform_n100000,pbc,1,69428,894.674023,0.094029,5.950588,0.433194,887.197923,0.162966,0.743985,0.086111,1311220,18,True
uniform_n100000,pbc,1,2523,849.14263,0.065147,6.426955,0.435596,841.577429,0.074158,0.497931,0.061584,1311220,17,True
uniform_n100000,pbc,1,27640,833.516568,0.056593,5.605266,0.441574,826.800324,0.077448,0.468837,0.062615,1311220,17,True
uniform_n100000,ab,1,72418,564.50248,0.023167,4.597048,0.30832,558.99002,0.069252,0.452765,0.058021,1311220,17,True
uniform_n100000,ab,1,55961,561.913933,0.023053,5.177425,0.410569,555.75829,0.062135,0.420573,0.057022,1311220,18,True
uniform_n100000,ab,1,4341,558.602976,0.018884,4.719068,0.44848,552.852557,0.069006,0.430732,0.060359,1311220,15,True
uniform_n100000,ab,1,63742,560.406948,0.027786,4.590097,0.330982,554.79611,0.066728,0.528953,0.062295,1311220,19,True
uniform_n100000,ab,1,32877,593.412642,0.024709,5.932994,0.427634,586.489632,0.059596,0.417523,0.057263,1311220,18,True
uniform_n100000,ab,1,37474,575.744038,0.020315,4.176628,0.709887,570.295653,0.069267,0.411203,0.057792,1311220,17,True
uniform_n100000,ab,1,8555,567.199007,0.027768,4.998014,0.372609,561.22931,0.07834,0.431367,0.057323,1311220,16,True
uniform_n100000,ab,1,69428,566.494982,0.023402,4.853308,0.374408,560.296958,0.072624,0.802535,0.067182,1311220,18,True
uniform_n100000,ab,1,2523,568.897317,0.021446,6.343013,0.406088,561.396679,0.089349,0.562202,0.074116,1311220,17,True
uniform_n100000,ab,1,27640,579.984492,0.023951,4.725019,0.376124,574.323624,0.068947,0.404,0.058121,1311220,17,True
uniform_n1000,pbc,1,376,308.360038,0.027761,3.720127,0.226821,303.410647,0.092295,0.823651,0.054879,1048955,9,True
uniform_n1000,pbc,1,575,304.26256,0.024776,3.522625,0.201686,299.529953,0.091629,0.832564,0.055981,1048955,11,True
uniform_n1000,pbc,1,437,315.480089,0.022871,2.977151,0.171719,311.048162,0.11213,1.073337,0.071346,1048955,9,True
uniform_n1000,pbc,1,66,311.112902,0.030641,3.362121,0.195011,306.424238,0.095564,0.924028,0.062818,1048955,11,True
uniform_n1000,pbc,1,923,314.28464,0.02764,3.210288,0.260254,309.804322,0.109007,0.811665,0.057614,1048955,10,True
uniform_n1000,pbc,1,233,311.808578,0.026559,2.863916,0.177413,307.660221,0.091244,0.92439,0.061235,1048955,9,True
uniform_n1000,pbc,1,916,308.334741,0.027153,3.948267,0.219325,303.162867,0.092942,0.808676,0.072144,1048955,11,True
uniform_n1000,pbc,1,292,305.126328,0.035096,2.90466,0.214428,301.014806,0.090773,0.808009,0.055203,1048955,10,True
uniform_n1000,pbc,1,976,341.014813,0.038377,3.028866,0.23227,336.764236,0.09388,0.782323,0.071408,1048955,9,True
uniform_n1000,pbc,1,560,302.06073,0.025977,2.782797,0.149934,297.976353,0.0998,0.936401,0.086829,1048955,10,True
uniform_n1000,ab,1,376,310.325387,0.006382,2.681262,0.180101,306.25768,0.117179,1.013767,0.066052,1048955,9,True
uniform_n1000,ab,1,575,302.581058,0.006761,3.295374,0.217725,298.144171,0.097709,0.763578,0.053198,1048955,11,True
uniform_n1000,ab,1,437,310.019977,0.005813,2.828449,0.22481,306.007127,0.099494,0.796036,0.054659,1048955,9,True
uniform_n1000,ab,1,66,304.215933,0.005309,2.537043,0.193199,300.417728,0.124056,0.880695,0.054946,1048955,11,True
uniform_n1000,ab,1,923,303.414482,0.005679,2.72514,0.229253,299.491992,0.082648,0.819903,0.056915,1048955,10,True
uniform_n1000,ab,1,233,302.658518,0.007888,3.490849,0.229224,297.935983,0.093544,0.84296,0.05385,1048955,9,True
uniform_n1000,ab,1,916,301.881108,0.005684,2.507294,0.180048,298.04204,0.096782,0.931926,0.113543,1048955,11,True
uniform_n1000,ab,1,292,307.858929,0.008295,2.758095,0.192796,303.955813,0.094453,0.792802,0.053169,1048955,10,True
uniform_n1000,ab,1,976,299.973173,0.004648,2.733364,0.217517,296.054688,0.096544,0.792839,0.069595,1048955,9,True
uniform_n1000,ab,1,560,314.969785,0.005521,2.712515,0.53277,310.566755,0.095259,0.997686,0.055276,1048955,10,True
uniform_n10000,pbc,1,8963,313.666584,0.044618,3.286275,0.249595,308.48798,0.100337,1.376732,0.115193,1048955,15,True
uniform_n10000,pbc,1,9052,314.360751,0.042329,3.100169,0.215327,310.015042,0.100793,0.82779,0.055974,1048955,15,True
uniform_n10000,pbc,1,9468,320.214126,0.04054,3.487794,0.240984,315.464085,0.106161,0.81675,0.054218,1048955,14,True
uniform_n10000,pbc,1,741,309.57398,0.037827,3.428701,0.216883,304.936407,0.098709,0.793902,0.057758,1048955,15,True
uniform_n10000,pbc,1,7500,327.498228,0.040206,3.185671,0.217522,323.051155,0.102744,0.839054,0.057669,1048955,13,True
uniform_n10000,pbc,1,4109,323.935029,0.044406,3.839607,0.230167,318.799216,0.118104,0.838601,0.060682,1048955,13,True
uniform_n10000,pbc,1,3652,315.434688,0.040581,3.483607,0.229858,310.510765,0.097838,1.010139,0.058182,1048955,13,True
uniform_n10000,pbc,1,4238,323.393486,0.044393,3.386779,0.23225,318.702389,0.101047,0.863028,0.05984,1048955,15,True
uniform_n10000,pbc,1,5982,316.105499,0.042601,3.173567,0.228336,311.624721,0.101966,0.872503,0.05782,1048955,13,True
uniform_n10000,pbc,1,3731,329.64458,0.099056,3.836246,0.190831,324.533013,0.098612,0.823289,0.059576,1048955,13,True
uniform_n10000,ab,1,8963,322.604987,0.011667,3.598266,0.214964,317.810474,0.116039,0.791886,0.058402,1048955,15,True
uniform_n10000,ab,1,9052,317.894515,0.011565,2.793931,0.212913,313.319128,0.22364,1.163817,0.165091,1048955,15,True
uniform_n10000,ab,1,9468,327.942061,0.011935,2.767168,0.164308,323.888105,0.106861,0.939757,0.060693,1048955,14,True
uniform_n10000,ab,1,741,332.208423,0.012278,3.549532,0.251687,327.328976,0.138055,0.861439,0.062168,1048955,15,True
uniform_n10000,ab,1,7500,343.755805,0.012376,2.997346,0.223572,338.853661,0.088558,1.511592,0.064422,1048955,13,True
uniform_n10000,ab,1,4109,331.892876,0.015275,2.946048,0.230778,327.742237,0.092427,0.802024,0.060615,1048955,13,True
uniform_n10000,ab,1,3652,340.237303,0.014411,3.041873,0.232056,335.839897,0.10834,0.931571,0.064745,1048955,13,True
uniform_n10000,ab,1,4238,336.014042,0.015794,3.416905,0.18384,331.35714,0.104025,0.871576,0.061041,1048955,15,True
uniform_n10000,ab,1,5982,333.566966,0.013303,3.177379,0.178821,329.173052,0.10167,0.859476,0.060193,1048955,13,True
uniform_n10000,ab,1,3731,328.509346,0.012484,2.974579,0.173904,324.333954,0.102823,0.834877,0.07325,1048955,13,True
uniform_n100000,ab,2,2523,567.173862,0.018814,4.783,0.363716,561.317484,0.075274,0.541777,0.069934,1311220,17,True
uniform_n100000,ab,2,47863,589.401026,0.023647,5.887485,0.449176,582.464632,0.068055,0.448134,0.055653,1311220,18,True
uniform_n100000,ab,2,32877,563.093478,0.022685,4.520493,0.629465,557.185263,0.05687,0.546765,0.12733,1311220,18,True
uniform_n100000,ab,2,55961,549.553025,0.025036,5.040665,0.372202,543.540507,0.068358,0.445691,0.056215,1311220,18,True
uniform_n100000,ab,2,27640,561.008667,0.040284,4.755346,0.326536,555.338263,0.066019,0.423411,0.055275,1311220,17,True
uniform_n100000,ab,2,71708,561.624298,0.024512,4.42744,0.424435,555.918695,0.081797,0.656883,0.086039,1311220,17,True
uniform_n100000,ab,2,4341,559.406056,0.021163,6.982444,0.432214,551.351734,0.071788,0.484978,0.057234,1311220,15,True
uniform_n100000,ab,2,38136,576.156542,0.024757,4.308293,0.37984,570.723291,0.07513,0.583402,0.056919,1311220,17,True
uniform_n100000,ab,2,89965,553.295481,0.019189,4.490562,0.973801,547.09837,0.075293,0.575685,0.057006,1311220,16,True
uniform_n100000,ab,2,72418,563.482502,0.023998,4.463484,0.389848,558.019634,0.084457,0.441382,0.055786,1311220,17,True
uniform_n100000,pbc,2,2523,787.387331,0.059934,5.196002,0.285472,781.268894,0.078188,0.437216,0.057385,1311220,17,True
uniform_n100000,pbc,2,47863,784.048059,0.055242,5.465477,0.451123,777.438436,0.079585,0.495796,0.058048,1311220,18,True
uniform_n100000,pbc,2,32877,775.307622,0.059721,5.613417,0.358144,768.682382,0.066271,0.465405,0.05779,1311220,18,True
uniform_n100000,pbc,2,55961,802.513205,0.061832,5.694773,0.388216,795.796949,0.060627,0.448215,0.059355,1311220,18,True
uniform_n100000,pbc,2,27640,801.042586,0.059442,5.36649,0.453319,794.60602,0.062086,0.43189,0.059926,1311220,17,True
uniform_n100000,pbc,2,71708,805.110266,0.119888,5.781178,0.455558,798.15362,0.077992,0.459713,0.058292,1311220,17,True
uniform_n100000,pbc,2,4341,824.140298,0.053188,5.721854,0.412485,817.359141,0.081862,0.449414,0.058449,1311220,15,True
uniform_n100000,pbc,2,38136,831.877665,0.057103,5.414455,0.400327,825.401338,0.081467,0.457055,0.061758,1311220,17,True
uniform_n100000,pbc,2,89965,797.778237,0.058564,5.982765,0.401388,790.742917,0.072877,0.443371,0.072177,1311220,16,True
uniform_n100000,pbc,2,72418,834.130634,0.060627,5.646263,0.496454,827.341249,0.074547,0.446378,0.060862,1311220,17,True
cluster90_n10000,ab,2,9052,303.294659,0.010419,3.483438,0.350896,298.091474,0.16272,1.072339,0.119056,1048955,10,True
cluster90_n10000,ab,2,4684,314.517239,0.01503,3.323402,0.192788,310.011433,0.102281,0.811288,0.057384,1048955,24,True
cluster90_n10000,ab,2,7500,307.879842,0.018136,3.913916,0.231111,302.615339,0.194498,0.844596,0.058403,1048955,23,True
cluster90_n10000,ab,2,3652,309.791946,0.015343,3.161529,0.164683,305.521474,0.079632,0.789848,0.05652,1048955,23,True
cluster90_n10000,ab,2,8678,312.059336,0.012344,3.296626,0.276674,307.452206,0.100188,0.858182,0.059445,1048955,23,True
cluster90_n10000,ab,2,4109,304.511619,0.012924,3.305418,0.214265,300.002748,0.094473,0.821013,0.056422,1048955,24,True
cluster90_n10000,ab,2,741,308.823625,0.013254,3.197281,0.301317,304.305905,0.140857,0.804108,0.056562,1048955,25,True
cluster90_n10000,ab,2,6995,314.333998,0.015726,3.503643,0.195423,309.618457,0.112989,0.828374,0.055694,1048955,22,True
cluster90_n10000,ab,2,7285,310.604543,0.013186,3.54604,0.23506,305.845223,0.09513,0.81042,0.055673,1048955,26,True
cluster90_n10000,ab,2,7967,311.369553,0.013261,3.271985,0.233278,306.895553,0.093861,0.801478,0.056491,1048955,22,True
cluster90_n10000,pbc,2,9052,310.669898,0.057909,4.486074,0.286587,304.859285,0.084175,0.837259,0.054251,1048955,10,True
cluster90_n10000,pbc,2,4684,328.888652,0.053532,4.131567,0.234731,323.414404,0.08313,0.816135,0.151477,1048955,24,True
cluster90_n10000,pbc,2,7500,314.657855,0.061738,4.269176,0.258045,308.881001,0.112599,1.004055,0.066497,1048955,23,True
cluster90_n10000,pbc,2,3652,319.952752,0.07277,6.398883,0.308893,311.707748,0.094814,1.300914,0.062052,1048955,23,True
cluster90_n10000,pbc,2,8678,316.604257,0.056911,4.393262,0.223566,310.960469,0.086083,0.823928,0.056295,1048955,23,True
cluster90_n10000,pbc,2,4109,323.28893,0.058428,4.677732,0.255853,317.257692,0.114917,0.865173,0.055163,1048955,24,True
cluster90_n10000,pbc,2,741,306.842456,0.054957,3.908102,0.280968,301.519659,0.101684,0.909868,0.062317,1048955,25,True
cluster90_n10000,pbc,2,6995,311.522927,0.072009,4.38413,0.229118,305.832657,0.093674,0.851674,0.055504,1048955,22,True
cluster90_n10000,pbc,2,7285,310.665538,0.061944,4.199768,0.266374,305.163803,0.096749,0.816958,0.056556,1048955,26,True
cluster90_n10000,pbc,2,7967,320.150059,0.05954,4.125685,0.256047,314.632644,0.103665,0.906161,0.062089,1048955,22,True
prefix64_n10000,ab,2,4109,301.498482,0.012196,2.702305,0.15078,297.683712,0.087759,0.799941,0.058558,1048955,13,True
prefix64_n10000,ab,2,741,340.601025,0.008901,3.256175,0.21811,336.042751,0.105391,0.903578,0.062891,1048955,14,True
prefix64_n10000,ab,2,7967,313.590044,0.012817,3.483367,0.21967,308.904045,0.096157,0.815428,0.055726,1048955,14,True
prefix64_n10000,ab,2,6995,313.754325,0.011685,2.912085,0.196723,309.700239,0.096614,0.777629,0.055294,1048955,13,True
prefix64_n10000,ab,2,320,305.157393,0.010344,2.809245,0.200016,301.222163,0.093317,0.762881,0.055641,1048955,14,True
prefix64_n10000,ab,2,315,312.73004,0.008863,2.678264,0.221048,308.339401,0.086283,1.183275,0.208404,1048955,13,True
prefix64_n10000,ab,2,9052,318.867588,0.011458,2.767744,0.189449,314.867207,0.103429,0.86965,0.05499,1048955,15,True
prefix64_n10000,ab,2,529,315.511869,0.011431,2.705053,0.202062,311.623077,0.108919,0.781671,0.076878,1048955,13,True
prefix64_n10000,ab,2,6025,300.776893,0.010824,2.918363,0.229792,296.644271,0.093291,0.81254,0.06379,1048955,15,True
prefix64_n10000,ab,2,3212,303.550243,0.012653,2.738266,0.207064,299.649427,0.093513,0.790452,0.055504,1048955,14,True
prefix64_n10000,pbc,2,4109,312.227803,0.036397,3.100306,0.237462,307.900064,0.084742,0.809849,0.055665,1048955,13,True
prefix64_n10000,pbc,2,741,314.746928,0.049648,3.031452,0.264361,310.433596,0.100459,0.806904,0.056395,1048955,14,True
prefix64_n10000,pbc,2,7967,309.36673,0.040547,3.313999,0.345633,304.616707,0.105512,0.878869,0.06116,1048955,14,True
prefix64_n10000,pbc,2,6995,337.733816,0.04108,3.206348,0.187047,332.551785,0.124902,1.491962,0.126249,1048955,13,True
prefix64_n10000,pbc,2,320,333.860777,0.055186,5.18579,0.32923,327.290136,0.10036,0.837971,0.058137,1048955,14,True
prefix64_n10000,pbc,2,315,309.58181,0.037454,3.124834,0.236846,305.133602,0.120007,0.862082,0.062474,1048955,13,True
prefix64_n10000,pbc,2,9052,322.713449,0.041454,3.867611,0.227962,317.624833,0.093282,0.793794,0.06069,1048955,15,True
prefix64_n10000,pbc,2,529,320.689729,0.039065,3.163555,0.227485,316.271389,0.106299,0.819619,0.058283,1048955,13,True
prefix64_n10000,pbc,2,6025,335.28216,0.041389,3.08329,0.187085,331.027322,0.092153,0.787863,0.058906,1048955,15,True
prefix64_n10000,pbc,2,3212,309.457338,0.042655,3.156004,0.177658,305.145388,0.098509,0.776752,0.056461,1048955,14,True
complete_h10,pbc,2,513,309.210165,0.021581,2.807221,0.227087,305.226832,0.091104,0.810083,0.022838,1048955,10,True
complete_h10,pbc,2,489,314.412314,0.02128,2.698063,0.17726,310.376008,0.108425,1.002516,0.02572,1048955,10,True
complete_h10,pbc,2,529,333.672952,0.021941,2.889095,0.211253,329.404575,0.081695,1.036456,0.024156,1048955,10,True
complete_h10,pbc,2,187,292.89073,0.022008,2.953689,0.17229,288.244805,0.1006,1.370306,0.023498,1048955,10,True
complete_h10,pbc,2,396,304.371386,0.020846,2.638025,0.212274,300.428703,0.114086,0.932262,0.023074,1048955,10,True
complete_h10,pbc,2,1009,307.676748,0.020987,3.109744,0.207259,303.431382,0.092864,0.787004,0.023465,1048955,10,True
complete_h10,pbc,2,71,310.027978,0.020808,2.61931,0.291647,306.015246,0.085998,0.96687,0.025971,1048955,10,True
complete_h10,pbc,2,66,303.15675,0.023601,3.180341,0.196088,298.842558,0.099718,0.787921,0.02364,1048955,10,True
complete_h10,pbc,2,67,304.500872,0.022364,3.035486,0.311171,300.232603,0.098538,0.772886,0.023648,1048955,10,True
complete_h10,pbc,2,585,311.407709,0.020164,2.703542,0.178189,307.368807,0.100618,1.00647,0.026314,1048955,10,True
complete_h10,treepir,2,513,302.274537,0.005642,2.508585,0.242767,298.563455,0.132916,0.793685,0.023397,1048955,10,True
complete_h10,treepir,2,489,318.220922,0.007524,2.354414,0.225111,314.64475,0.12411,0.838155,0.024207,1048955,10,True
complete_h10,treepir,2,529,329.99209,0.006381,2.473254,0.231577,326.321671,0.121003,0.812447,0.023209,1048955,10,True
complete_h10,treepir,2,187,302.003259,0.007547,2.426142,0.193155,298.4497,0.100808,0.782617,0.022553,1048955,10,True
complete_h10,treepir,2,396,303.549955,0.00643,2.468555,0.197231,299.925699,0.105407,0.818791,0.024367,1048955,10,True
complete_h10,treepir,2,1009,311.649882,0.00533,2.633238,0.232904,307.601531,0.107273,1.040739,0.025817,1048955,10,True
complete_h10,treepir,2,71,316.377107,0.007281,3.813723,0.318914,311.282281,0.116042,0.809439,0.025358,1048955,10,True
complete_h10,treepir,2,66,307.664399,0.016877,2.394294,0.18113,304.145402,0.096976,0.803108,0.023372,1048955,10,True
complete_h10,treepir,2,67,306.972447,0.006558,2.752873,0.218374,302.706604,0.083644,1.175566,0.024844,1048955,10,True
complete_h10,treepir,2,585,305.199655,0.007017,2.7041,0.17288,301.207511,0.160381,0.918668,0.024916,1048955,10,True
complete_h10,ab,2,513,323.940669,0.005997,2.841711,0.233438,319.799734,0.205947,0.823618,0.027034,1048955,10,True
complete_h10,ab,2,489,332.636478,0.00734,3.174988,0.23951,328.05903,0.136683,0.990751,0.024664,1048955,10,True
complete_h10,ab,2,529,327.420325,0.006023,3.462719,0.267433,322.606724,0.128457,0.919237,0.025916,1048955,10,True
complete_h10,ab,2,187,329.495908,0.009433,3.064118,0.23842,324.88635,0.138749,1.127354,0.027128,1048955,10,True
complete_h10,ab,2,396,323.358428,0.008524,3.206643,0.465907,318.261066,0.107542,1.149206,0.153975,1048955,10,True
complete_h10,ab,2,1009,324.445397,0.006559,3.173901,0.18665,320.060911,0.111853,0.875846,0.025858,1048955,10,True
complete_h10,ab,2,71,319.973928,0.007406,2.856794,0.26756,315.776111,0.1079,0.928953,0.02501,1048955,10,True
complete_h10,ab,2,66,323.620354,0.006311,2.946397,0.237137,319.450708,0.104126,0.847901,0.024528,1048955,10,True
complete_h10,ab,2,67,340.153213,0.006192,2.708118,0.182799,336.277769,0.094045,0.856793,0.024695,1048955,10,True
complete_h10,ab,2,585,334.070892,0.005966,2.99366,0.195939,329.74836,0.118364,0.97911,0.025777,1048955,10,True
complete_h14,ab,2,15000,317.362241,0.011752,3.29563,0.207387,312.672757,0.108876,1.036971,0.025615,1048955,14,True
complete_h14,ab,2,2138,308.476299,0.014183,2.654537,0.199769,304.691903,0.104646,0.781731,0.026363,1048955,14,True
complete_h14,ab,2,11115,320.087878,0.012842,2.599032,0.183429,316.313112,0.096105,0.854228,0.026089,1048955,14,True
complete_h14,ab,2,6910,328.332997,0.013373,3.244127,0.232264,323.612201,0.177722,1.021733,0.028132,1048955,14,True
complete_h14,ab,2,7462,340.435155,0.014953,3.521881,0.294555,335.632713,0.117625,0.824873,0.025461,1048955,14,True
complete_h14,ab,2,9534,312.681248,0.012964,2.652825,0.274774,308.565362,0.099207,0.997376,0.073569,1048955,14,True
complete_h14,ab,2,6346,317.618189,0.013694,2.666176,0.211574,313.824305,0.084782,0.789304,0.024315,1048955,14,True
complete_h14,ab,2,12050,319.548213,0.011145,3.107195,0.249953,314.534973,0.106699,1.508843,0.025309,1048955,14,True
complete_h14,ab,2,8219,319.687022,0.014265,2.909463,0.1783,315.617408,0.09587,0.843464,0.02498,1048955,14,True
complete_h14,ab,2,640,315.593837,0.012757,2.539818,0.208715,311.45505,0.107914,1.237085,0.028303,1048955,14,True
complete_h14,pbc,2,15000,458.199533,0.038926,5.807937,0.428558,451.4161,0.06038,0.420663,0.02328,1311220,14,True
complete_h14,pbc,2,2138,471.692963,0.035647,5.040612,0.425132,465.697801,0.051577,0.414075,0.024318,1311220,14,True
complete_h14,pbc,2,11115,456.146946,0.035663,4.865149,0.391386,450.102344,0.24453,0.479538,0.024193,1311220,14,True
complete_h14,pbc,2,6910,478.098726,0.03383,5.224496,0.368444,471.924004,0.055492,0.415874,0.071981,1311220,14,True
complete_h14,pbc,2,7462,462.13636,0.090669,4.876907,0.386658,456.27118,0.055285,0.428046,0.02441,1311220,14,True
complete_h14,pbc,2,9534,469.026504,0.033703,4.424271,0.420434,463.330545,0.048818,0.738601,0.025467,1311220,14,True
complete_h14,pbc,2,6346,450.476075,0.03484,4.511659,0.325979,444.989557,0.056501,0.527247,0.026706,1311220,14,True
complete_h14,pbc,2,12050,477.98832,0.037977,5.758406,0.410942,471.27786,0.056345,0.418756,0.024609,1311220,14,True
complete_h14,pbc,2,8219,454.22028,0.036254,5.02199,0.346237,448.292923,0.055731,0.437543,0.025517,1311220,14,True
complete_h14,pbc,2,640,471.901744,0.035799,4.565481,0.613323,465.826389,0.075318,0.74956,0.031243,1311220,14,True
complete_h14,treepir,2,15000,356.207586,0.01101,2.648668,0.497953,352.038487,0.101548,0.860875,0.045387,1048955,14,True
complete_h14,treepir,2,2138,313.791815,0.013063,3.069675,0.464044,309.326549,0.101594,0.787708,0.025142,1048955,14,True
complete_h14,treepir,2,11115,317.838018,0.016225,3.09165,0.24492,313.43898,0.101386,0.916272,0.024565,1048955,14,True
complete_h14,treepir,2,6910,312.066689,0.013715,3.06705,0.192622,307.799187,0.164272,0.801727,0.024473,1048955,14,True
complete_h14,treepir,2,7462,311.581923,0.012516,2.896633,0.221973,307.529589,0.110435,0.782696,0.024103,1048955,14,True
complete_h14,treepir,2,9534,323.639924,0.012377,3.007455,0.21467,319.411029,0.10185,0.863699,0.025584,1048955,14,True
complete_h14,treepir,2,6346,329.719629,0.012737,3.201478,0.273881,325.2897,0.12063,0.791382,0.025564,1048955,14,True
complete_h14,treepir,2,12050,317.895759,0.013216,2.743541,0.217117,313.932011,0.110359,0.851827,0.024803,1048955,14,True
complete_h14,treepir,2,8219,315.807332,0.01202,3.173926,0.223784,311.51602,0.079565,0.771922,0.026855,1048955,14,True
complete_h14,treepir,2,640,308.860649,0.01387,2.735066,0.235262,304.953895,0.096515,0.79539,0.026649,1048955,14,True
uniform_n1000,ab,2,565,304.672892,0.006639,2.55458,0.182334,300.910402,0.109586,0.848614,0.057418,1048955,11,True
uniform_n1000,ab,2,92,303.132146,0.005937,2.930883,0.209997,299.028279,0.096598,0.801199,0.055905,1048955,10,True
uniform_n1000,ab,2,514,299.540191,0.007129,2.759561,0.240111,295.241631,0.185927,1.032981,0.06834,1048955,11,True
uniform_n1000,ab,2,666,313.977629,0.006406,4.512975,0.284152,308.121221,0.107674,0.882419,0.058521,1048955,10,True
uniform_n1000,ab,2,468,303.437984,0.006669,2.670734,0.212349,298.932459,0.114346,1.437428,0.060268,1048955,11,True
uniform_n1000,ab,2,997,300.147867,0.004704,2.69099,0.20602,296.016493,0.081028,1.089537,0.055989,1048955,10,True
uniform_n1000,ab,2,575,308.924741,0.006311,2.494052,0.214799,305.223261,0.098907,0.830181,0.054445,1048955,11,True
uniform_n1000,ab,2,376,312.265239,0.006169,2.554942,0.216895,308.527982,0.105028,0.797787,0.053319,1048955,9,True
uniform_n1000,ab,2,958,299.060893,0.0055,2.533428,0.2033,295.38801,0.096798,0.774065,0.055743,1048955,12,True
uniform_n1000,ab,2,916,297.627937,0.005795,2.8412,0.236323,293.579726,0.11452,0.79205,0.054006,1048955,11,True
uniform_n1000,pbc,2,565,301.851375,0.026083,3.480053,0.268318,296.90163,0.098892,0.990719,0.081712,1048955,11,True
uniform_n1000,pbc,2,92,305.578062,0.031321,3.740399,0.223859,300.631335,0.086564,0.804681,0.056207,1048955,10,True
uniform_n1000,pbc,2,514,299.070301,0.024009,2.915843,0.156738,294.715784,0.105191,1.081037,0.068292,1048955,11,True
uniform_n1000,pbc,2,666,299.948376,0.029095,3.659486,0.211843,295.095296,0.093934,0.800515,0.054571,1048955,10,True
uniform_n1000,pbc,2,468,294.400228,0.025772,2.862809,0.157158,290.231962,0.089099,0.975768,0.05422,1048955,11,True
uniform_n1000,pbc,2,997,302.483066,0.02746,3.279844,0.210041,298.068846,0.080022,0.758736,0.05466,1048955,10,True
uniform_n1000,pbc,2,575,302.910311,0.025713,3.088489,0.152219,298.469325,0.11103,0.999659,0.061278,1048955,11,True
uniform_n1000,pbc,2,376,304.350907,0.027917,3.057597,0.207669,300.034244,0.094417,0.86551,0.059316,1048955,9,True
uniform_n1000,pbc,2,958,313.630135,0.025413,3.669801,0.232444,308.494543,0.104041,1.030948,0.068784,1048955,12,True
uniform_n1000,pbc,2,916,303.531859,0.031339,3.173934,0.202162,299.104003,0.103629,0.809793,0.103391,1048955,11,True
uniform_n10000,pbc,2,8224,347.772409,0.04523,3.515663,0.177968,343.012969,0.098197,0.857547,0.061864,1048955,14,True
uniform_n10000,pbc,2,1497,351.826359,0.041525,3.172498,0.205249,347.379552,0.108109,0.843074,0.073898,1048955,15,True
uniform_n10000,pbc,2,5982,347.670511,0.046159,3.403278,0.246536,342.937375,0.089864,0.880971,0.062223,1048955,13,True
uniform_n10000,pbc,2,3212,360.374481,0.046349,3.290098,0.231366,355.747063,0.112277,0.882801,0.060859,1048955,16,True
uniform_n10000,pbc,2,741,354.858241,0.043236,3.74792,0.271537,349.689058,0.122058,0.905664,0.074574,1048955,15,True
uniform_n10000,pbc,2,6025,359.064909,0.048675,3.745135,0.222267,354.023567,0.108555,0.851565,0.060792,1048955,14,True
uniform_n10000,pbc,2,1475,341.375218,0.061147,3.382282,0.217568,336.154363,0.127424,1.333174,0.094131,1048955,15,True
uniform_n10000,pbc,2,3173,359.136349,0.062875,4.806441,0.279981,352.827749,0.105948,0.984595,0.064052,1048955,13,True
uniform_n10000,pbc,2,4767,348.504856,0.039262,4.035801,0.304574,342.994363,0.182727,0.86228,0.081553,1048955,15,True
uniform_n10000,pbc,2,3455,337.552575,0.047735,4.612609,0.278065,331.588068,0.106385,0.853747,0.061343,1048955,15,True
uniform_n10000,ab,2,8224,297.645625,0.013542,3.221989,0.188805,293.303774,0.095872,0.765233,0.053905,1048955,14,True
uniform_n10000,ab,2,1497,324.679341,0.01128,2.865696,0.245891,320.295352,0.106276,1.08073,0.070139,1048955,15,True
uniform_n10000,ab,2,5982,312.746714,0.013048,4.349927,0.246715,307.033894,0.110429,0.929766,0.059443,1048955,13,True
uniform_n10000,ab,2,3212,309.002806,0.014584,2.877184,0.209904,304.622142,0.114959,1.087183,0.071988,1048955,16,True
uniform_n10000,ab,2,741,302.601649,0.012038,3.613436,0.247004,297.519966,0.105868,1.029505,0.070385,1048955,15,True
uniform_n10000,ab,2,6025,322.232312,0.013872,3.569162,0.225246,317.387747,0.094117,0.88397,0.055099,1048955,14,True
uniform_n10000,ab,2,1475,313.651336,0.012063,2.895806,0.422087,309.133428,0.098852,1.016035,0.06915,1048955,15,True
uniform_n10000,ab,2,3173,318.769441,0.013916,3.492026,0.235686,313.880954,0.097268,0.979315,0.065184,1048955,13,True
uniform_n10000,ab,2,4767,314.73713,0.011634,2.92677,0.170056,310.593871,0.097754,0.873322,0.059288,1048955,15,True
uniform_n10000,ab,2,3455,318.83301,0.012328,3.172377,0.408676,314.299081,0.105211,0.777478,0.053827,1048955,15,True
