case,method,repeat,leaves,records,m,buckets,max_bucket,rounded_entries,pir_dimensions,L,M,matrix_rows,matrix_cols,lwe_dimension,plaintext_modulus,ciphertext_logq,noise_sigma,base_p_digits,PIR_calls,proofs,serialized_proof_wall_ms,route_ms,query_ms,query_roundtrip_ms,answer_ms,answer_roundtrip_ms,decode_ms,proof_verify_ms,query_matrix_payload_bytes,query_framed_bytes,answer_matrix_payload_bytes,answer_framed_bytes,online_framed_bytes,active_digest_payload_bytes,backend_rounded_raw_payload_bytes,bootstrap_framed_components_bytes,bootstrap_payload_bytes,combined_peak_rss_after_setup_bytes,combined_peak_rss_final_bytes,db_info_roundtrip_ms,db_info_serialized_bytes,encoded_db_bytes,hint_framed_bytes,hint_matrix_bytes,hint_roundtrip_ms,init_public_A_ms,initialized_databases,input_read_validate_ms,make_database_ms,max_padded_bucket_payload_bytes,parameter_selection_ms,persistent_setup_wall_ms,public_A_framed_bytes,public_A_matrix_bytes,public_A_roundtrip_ms,public_metadata_roundtrip_and_directory_ms,public_metadata_serialized_bytes,replicated_record_payload_bytes,setup_client_to_server_bytes,setup_hint_and_squish_ms,setup_server_to_client_serialized_components_bytes,unsquished_db_matrix_bytes,setup_serialized_payload_bytes,common_metadata_payload_bytes,digest_only_cache_bytes,full_cache_reference_bytes,source_input_sha256,result_sha256
uniform_n100000,ab,0,100000,199998,21,21,9552,9560,520x478,520,478,520,478,1024,991,32,6.4,26,21,10,18.0887112,0.0384714,14.4307484,0.0334768,0.6282187,0.0475815,2.8812995,0.0181965,40320,40832,43680,44192,85024,6399936,6424320,101889608,101888264,1276141568,1276141568,0.510613,2310,6988800,44728992,44728320,35.45150300000001,642.69823,21,697.646263,133.399592,6418944,1.015451,2091.838784,41116320,41115648,36.269453999999996,181.627636,16041986,6399936,0,344.68917099999993,101889608,20879040,101889608,14753044,6399936,21152980,d31201ec08209a7af5b7a6f8ea8dccab4acc62102848bf93a35da8964eee38d5,b9346f5f26b7e2b4205072244562d15f4aafb756c6b5bb1a8f06e29bbdafa83a
uniform_n100000,flat,0,100000,199998,21,1,199998,200024,2288x2273,2288,2273,2288,2273,1024,991,32,6.4,26,21,10,62.7834268,0.0286755,51.2590036,0.1803955,5.7839428,0.1347268,5.3666125000000005,0.0184523,191016,191528,192192,192704,384232,6399936,6400768,34723981,34723917,1277521920,1277521920,0.078538,113,6937216,9371680,9371648,4.448234,134.395592,1,658.167626,109.232271,6399936,0.805857,1636.649855,9310240,9310208,9.689501,219.022393,16041948,6399936,0,482.916918,34723981,20802496,34723981,14753044,6399936,21152980,4bb68311ad2c694fa7043566357af29283e63f759c911df84d8150829f117fa2,48ac5c047c93076baf1b718072397367ac68bdc616d5f4ea3cec7286df08ae8f
uniform_n100000,first_fit,0,100000,199998,21,21,52876,52900,1196x1150,1196,1150,1196,1150,1024,991,32,6.4,26,21,10,36.3809877,0.0220992,27.6118464,0.0596396,2.4789268,0.0586036,6.1215352,0.0185776,96768,97280,100464,100976,198256,6399936,35548800,217839188,217837844,1277673472,1277673472,0.7325609999999999,2315,38578176,102875808,102875136,79.85064799999999,1426.199806,21,639.338191,172.23874,35532672,0.967298,4954.70514,98919072,98918400,75.36642800000001,205.281269,16041993,6399936,0,2335.1327119999996,217839188,115533600,217839188,14753044,6399936,21152980,d92f0fc2b3ad84b6b96770e805517d3d793e6cd0e9db7882d0fb24fec9fe77b8,d0c0e8eda3cbc7204d5ef672a8a684ddd9ec1b75b7c609a5d40c582d5299022a
uniform_n100000,pbc,0,100000,199998,21,32,18993,19008,702x704,702,704,702,704,1024,991,32,6.4,26,32,10,34.3223162,0.0511854,26.7053645,0.0681962,1.601241,0.0602121,5.7889487,0.0368976,90240,91016,89856,90632,181648,6399936,19464192,204924854,204922806,1277534208,1277534208,0.835773,3552,21116160,92013568,92012544,70.022604,1336.8572940000001,32,1171.073109,407.036325,19448832,1.252676,4539.702401,92275712,92274688,79.667029,387.646988,20632022,19199808,0,1045.4960999999998,204924854,63258624,204924854,14753044,6399936,21152980,74c289b5ab2ea31c0ad941fe5f72e54c011cdf86b3e2affd6f1a36a8caf538ef,d668bb521594c64d8f91544a804a86893715ad042f047b1db53f91d3472a4085
uniform_n10000,ab,0,10000,19998,17,17,1179,1183,182x169,182,169,182,169,1024,991,32,6.4,26,17,10,5.417197,0.0716166,4.4105857,0.0110642,0.0928716,0.010493,0.7992639,0.0158525,11628,12044,12376,12792,24836,639936,643552,25975798,25974710,1280638976,1280638976,0.39574999999999994,1870,705432,12673568,12673024,11.072701,191.22649099999995,17,62.561596,21.47427,641376,0.940275,355.935372,11768352,11767808,8.735096,18.963222,1532008,639936,0,38.813107,25975798,2091544,25975798,1423072,639936,2063008,ef01ed77453c884022e1cb92d128ce0d5c5909dc88d5b3ae0edd852b38a81e0a,e3191c9def84d7abbe7839ae5a2e5f92419a309153a9a67a52c2a056dfc22f92
uniform_n10000,flat,0,10000,19998,17,1,19998,20020,728x715,728,715,728,715,1024,991,32,6.4,26,17,10,14.5597597,0.0229361,12.950619,0.0580425,0.4322977,0.0589896,1.0122918,0.0184678,48756,49172,49504,49920,99092,639936,640640,7442681,7442617,1280483328,1280483328,0.062215,111,695968,2981920,2981888,1.43537,46.360238,1,68.779569,15.965965,639936,0.803409,198.666146,2928672,2928640,3.335906,19.26303,1531978,639936,0,40.922659,7442681,2082080,7442681,1423072,639936,2063008,916fd50ca66f2819b34ebad92b05631f5ec7f4aa060f846da5011e7c6da5ea09,f45fff3731b68bc17963ba6d78da6a944a0d89139f1ddfeacdc46099eeea29df
uniform_n10000,pbc,0,10000,19998,17,26,2379,2380,260x238,260,238,260,238,1024,991,32,6.4,26,26,10,10.1875823,0.033413,8.1280372,0.0197312,0.2475099,0.017508,1.7091223,0.02109,24960,25592,27040,27672,53264,639936,1980160,54986297,54984633,1291231232,1291231232,0.618369,2860,2163200,27689792,27688960,30.497731,367.87188100000003,26,124.004514,49.96087299999999,1979328,0.990036,736.4962,25346880,25346048,23.502428000000002,37.783617,1946765,1919808,0,97.14855400000002,54986297,6435520,54986297,1423072,639936,2063008,e2c951cec124d2e0dd7e5f352323cb8969781106551c6790ea2d06833b87b862,8abd6daffb21a0a9424417c195b0c13fabe29014d6bbbc01a47c9fa0cb0c5c90
uniform_n10000,first_fit,0,10000,19998,17,17,5646,5655,390x377,390,377,390,377,1024,991,32,6.4,26,17,10,11.4099339,0.023010700000000002,9.1966217,0.0194555,0.3575128,0.0206612,1.7657983,0.0176106,25704,26120,26520,26936,53056,639936,3076320,54942696,54941608,1290727424,1290727424,0.521958,1849,3341520,27157024,27156480,24.467786,421.023242,17,65.206256,20.986049,3071424,0.793804,739.867988,26251808,26251264,22.476560000000003,18.840526,1532015,639936,0,163.418339,54942696,9998040,54942696,1423072,639936,2063008,a5e27ae1bc4c77ab45e2c7f084a9c67bc236786e677773a2f9e91cf821bc74bd,d651d073417cee04ce8af7959a06fa2a44d93a1a16e471129df5dcd3a3a35c02
complete_h14,first_fit,0,16384,32766,14,14,16384,16406,676x631,676,631,676,631,1024,991,32,6.4,26,14,10,13.8910548,0.0162565,10.638434,0.027276,0.6535716,0.0325343,2.5066477000000003,0.0068159,35448,35792,37856,38200,73992,1048512,7349888,76966202,76965306,1291145216,1291145216,0.46742500000000003,1523,7987616,38764992,38764544,25.436978,570.5330660000001,14,113.623505,27.842723,7340032,0.874594,1232.498016,36184512,36184064,35.115784999999995,29.591788,2015175,1048512,0,425.673924,76966202,23887136,76966202,1829630,1048512,2878142,4d3b489950233807ca379a59976b048701aaa38f6cdb7f80ae0a90cdd69e938d,fc0c9944c3acd73511ef1dfa5ffa670e1e51d4d5bda92fac6d45de7c11c2b122
complete_h14,pbc,0,16384,32766,14,21,4789,4802,364x343,364,343,364,343,1024,991,32,6.4,26,21,10,12.7526508,0.0351626,10.2351514,0.0227893,0.415374,0.0217275,2.0043881,0.0074845,28980,29492,30576,31088,60580,1048512,3226944,63516720,63515376,1266388992,1266388992,0.5464480000000002,2310,3516240,31310496,31309824,22.670745,420.9314299999999,21,192.296582,85.918279,3218208,1.01949,978.472201,29504160,29503488,23.673163000000002,55.925296,2699754,3145536,0,169.15050799999997,63516720,10487568,63516720,1829630,1048512,2878142,9b65bdcff9eea52052f3ab5c19130036433bbea63a977e89a0c41c9ff1fd180c,7fccf9242a116ff393d747d0d7b5e611792d96298c3118b814db7d3728cfe178
complete_h14,ab,0,16384,32766,14,14,2354,2360,260x236,260,236,260,236,1024,991,32,6.4,26,14,10,5.3343958,0.0204094,4.1902183,0.0109996,0.1344395,0.0124936,0.9526221,0.0071988,13272,13616,14560,14904,28520,1048512,1057280,30460228,30459332,1288929280,1288929280,0.36233000000000004,1540,1150240,14909888,14909440,19.544453,203.99138200000002,14,114.893876,27.608824,1054592,0.970228,472.979963,13533632,13533184,13.622599000000001,30.924506,2015168,1048512,0,58.14164500000001,30460228,3436160,30460228,1829630,1048512,2878142,bef523467ce3e08d926a9e1de8466669774f68650d761645a9a7b96803a5ff7a,da06d71f0dcb1a179f2570ef22ce7a0b580e795a5639c65f8ac3b8dc44280ad5
complete_h14,flat,0,16384,32766,14,1,32766,32796,936x911,936,911,936,911,1024,991,32,6.4,26,14,10,15.4006053,0.020634800000000002,13.2357813,0.0500323,0.6704155,0.0546323,1.3563393,0.0065158,51072,51416,52416,52760,104176,1048512,1049472,9580631,9580567,1288900608,1288900608,0.060268,111,1138176,3833888,3833856,3.955953,62.694703,1,98.430079,23.912531,1048512,1.016506,291.915595,3731488,3731456,3.332208,28.728442,2015144,1048512,0,67.209879,9580631,3410784,9580631,1829630,1048512,2878142,364a0de102b3a4c45fc5f7e8a3a11f94cac0786be560d1890cb66d2007725814,fc3bb8b70ab976966dd994a09c548ba46932ef276f4454b4320b61a254765471
prefix64_n10000,first_fit,0,10000,19998,17,17,5738,5745,390x383,390,383,390,383,1024,991,32,6.4,26,17,10,10.8299568,0.0184714,8.6957095,0.019610700000000002,0.281431,0.0173238,1.7711007,0.016953199999999998,26112,26528,26520,26936,53464,639936,3125280,55340495,55339407,1288912896,1288912896,0.5541630000000001,1849,3394560,27157024,27156480,32.091553999999995,449.231914,17,82.852891,19.481740000000002,3121472,1.311128,804.669805,26669600,26669056,30.055161999999996,18.043914,1512022,639936,0,169.11343000000002,55340495,10157160,55340495,1403079,639936,2043015,430ad54f2f65d1a86f880514495865d5dbd6ebadbd855300f1c0028bdcb873ad,beeac0624cf37b0f278b94ab3d2d13453bc607d6854bdd02d01c926498a47a54
prefix64_n10000,flat,0,10000,19998,17,1,19998,20020,728x715,728,715,728,715,1024,991,32,6.4,26,17,10,15.6296439,0.022157,13.8222948,0.0545772,0.4742052,0.0562013,1.1723069,0.0203131,48756,49172,49504,49920,99092,639936,640640,7422688,7422624,1294434304,1294434304,0.067472,111,695968,2981920,2981888,3.38556,50.556959,1,73.774076,16.645005,639936,0.816808,210.849386,2928672,2928640,3.327263,20.364038,1511985,639936,0,40.155947,7422688,2082080,7422688,1403079,639936,2043015,1c4ea69ba9865383f0db3641a4ac1928cdbb8abf5780e8ed11d1dabc0e9ab8fd,0d864ed241068af355e68c04c0db352e0e1d9b6c4f7042debfde306e9b513357
prefix64_n10000,ab,0,10000,19998,17,17,1181,1183,182x169,182,169,182,169,1024,991,32,6.4,26,17,10,5.6004127,0.0269077,4.5444835999999995,0.0106605,0.1177128,0.0115074,0.8646282,0.0159847,11628,12044,12376,12792,24836,639936,643552,25955805,25954717,1294528512,1294528512,0.44487899999999997,1870,705432,12673568,12673024,13.154009,207.127631,17,89.881596,23.683406,642464,1.099534,411.804552,11768352,11767808,10.496322000000001,22.313907,1512015,639936,0,41.306577000000004,25955805,2091544,25955805,1403079,639936,2043015,6dde51bacf86416045e48860f0ece593123af65926bea964cdd2351763ce9c9d,e2d4aab7f2b9f61f21d384bc4b26ba1515b8cf3e61911ef83a573b4c8fd1b74c
uniform_n1000,first_fit,0,1000,1998,13,13,580,580,130x116,130,116,130,116,1024,991,32,6.4,26,13,10,3.7295591,0.0181097,2.9381255,0.0156917,0.0510588,0.10843850000000001,0.5734952,0.0187432,6084,6404,6760,7080,13484,63936,241280,13254273,13253441,1293922304,1293922304,0.341046,1405,263640,6922656,6922240,10.686936,114.622125,13,11.499706,7.288839,241280,1.84341,171.652108,6177184,6176768,5.695997,2.703591,153028,63936,0,16.662302,13254273,784160,13254273,144091,63936,208027,21e636579a0561eb10324c231f477c083c24d824febe07fcaf0acd1c3ed54999,ad9e4572df62deafe978566c26342f1ed36ce3a6e9fa6b125c5275145219593c
uniform_n1000,flat,0,1000,1998,13,1,1998,1998,234x222,234,222,234,222,1024,991,32,6.4,26,13,10,4.5263498,0.0169825,4.1338982,0.0118536,0.0517879,0.0133507,0.27024940000000003,0.0146456,11544,11864,12168,12488,24352,63936,63936,2020949,2020885,1293996032,1293996032,0.059003,110,69264,958496,958464,0.897025,19.486152,1,14.864127,1.247368,63936,1.576074,48.50137,909344,909312,1.41987,4.351323,152999,63936,0,4.327444,2020949,207792,2020949,144091,63936,208027,caa37baaae4674569928c71f36a25296d91f11e36b02c1528a772924e1f81ddf,7cb55f86a35e4da13e43cf3dc2373377d12aed1b67138332e07df9fd37cae3c1
uniform_n1000,pbc,0,1000,1998,13,20,341,344,104x86,104,86,104,86,1024,991,32,6.4,26,20,10,5.8330565,0.0372877,4.8053392,0.0200049,0.0621445,0.0142938,0.864364,0.0227402,6960,7448,8320,8808,16256,63936,220160,15758016,15756736,1293905920,1293905920,0.44373100000000004,2160,241280,8520320,8519680,9.870977000000003,136.17479,20,21.92904,12.977030000000003,218240,1.338379,211.79141,7045760,7045120,7.10607,4.937831,189776,191808,0,16.409118,15758016,715520,15758016,144091,63936,208027,c20effd6c7d24a378edba641a663f4434bc88eb37d4f2a4b89f56fc77019b69b,a8271a765cabee2ff6b722df860c6b8c2abcc529ba01353282b67df17b48becf
uniform_n1000,ab,0,1000,1998,13,13,154,156,78x52,78,52,78,52,1024,991,32,6.4,26,13,10,1.9731645,0.0132137,1.6138848000000001,0.0095984,0.0155484,0.0040358,0.3003386,0.0132474,2808,3128,4056,4376,7504,63936,64896,7077497,7076665,1294012416,1294012416,0.346243,1404,73008,4153760,4153344,5.956137999999999,60.83975499999999,13,11.27561,6.478141000000001,64064,1.451557,99.148385,2769312,2768896,3.477919,2.469992,153021,63936,0,6.347923,7077497,210912,7077497,144091,63936,208027,bf11d2133d04c85bb829957c34fc019dddf05dabea408fc577071d99c5a3ba34,d8377650514fd20b12d4c65f764de973f680750cfdbb41083eb87e0cbdecf3e7
complete_h10,first_fit,0,1024,2046,10,10,1024,1029,182x147,182,147,182,147,1024,991,32,6.4,26,10,10,3.7623826,0.0202722,2.8879244,0.009668,0.0626208,0.0110148,0.7576733,0.006772,5880,6128,7280,7528,13656,65472,329280,13593538,13592898,1293955072,1293955072,0.28634400000000004,1082,356720,7455040,7454720,8.048365,119.55644300000002,10,12.224879,5.777429,327680,0.909673,179.394764,6021440,6021120,5.820429,2.811763,115976,65472,0,23.653487,13593538,1070160,13593538,106805,65472,172277,d695c25a8f0a1063b5718803b8426ac5402cf4e6ba96364cd31b14320b4f2d6a,988b6417fbc74518fa515b5164812a4a119f24b4479f48aae87cac80d8a2bec1
complete_h10,flat,0,1024,2046,10,1,2046,2052,234x228,234,228,234,228,1024,991,32,6.4,26,10,10,3.3831551,0.0156569,3.1109588,0.009558200000000001,0.0387661,0.010144799999999999,0.1904106,0.0041953,9120,9368,9360,9608,18976,65472,65664,2008479,2008415,1293848576,1293848576,0.050155,110,71136,958496,958464,0.847347,18.60789,1,13.561698,3.146945,65472,1.405504,46.169241,933920,933888,1.171843,2.845085,115953,65472,0,3.966153,2008479,213408,2008479,106805,65472,172277,365c08a721246aa267a6dde62c7dff73e07004aeeda4f09db29c8a52611dd172,22a999f903e843c06a57177c942582f2988ffd3388231699134604c9a1b90a02
complete_h10,pbc,0,1024,2046,10,15,446,450,130x90,130,90,130,90,1024,991,32,6.4,26,15,10,3.9779919,0.0321633,2.9512987,0.0113587,0.1815113,0.0367235,0.7425387,0.0076499,5400,5768,7800,8168,13936,65472,216000,13672057,13671097,1293860864,1293860864,0.381735,1620,234000,7987680,7987200,12.630507000000001,126.50859,15,21.908019,12.362886,214080,1.033598,208.331911,5530080,5529600,5.8791850000000005,7.122226,152677,196416,0,19.787172,13672057,702000,13672057,106805,65472,172277,0e776329f531025c0654ab72c98785e9bae94a664973d0af8c0424243f197987,5e088864925e7a9f07274039a1b5a5ef429f5d374d7f86083ddd0dfb0513c528
complete_h10,ab,0,1024,2046,10,10,205,207,78x69,78,69,78,69,1024,991,32,6.4,26,10,10,1.698056,0.0129807,1.4896017,0.0083602,0.0107307,0.0041659,0.164738,0.0039579,2760,3008,3120,3368,6376,65472,66240,6138809,6138169,1293905920,1293905920,0.31448000000000004,1080,71760,3195200,3194880,4.590514999999999,68.10294699999999,10,21.915639,5.331311,65600,1.275816,114.117299,2826560,2826240,3.016937,4.022988,115969,65472,0,5.108257000000001,6138809,215280,6138809,106805,65472,172277,b746f3993a63ce93c57a08a39e75fdb3b676e920403b836410c9b4920031af90,40739525f0aed99cf4d8daec4ce6b6b532961d1acd51eb63fe106e50cfe2d9a2
cluster90_n10000,pbc,0,10000,19998,27,41,1538,1544,208x193,208,193,208,193,1024,991,32,6.4,26,41,10,18.7756741,0.0778266,15.6309582,0.0329476,0.3226908,0.0257191,2.652306,0.0231418,31980,32972,34112,35104,68076,639936,2025728,69286872,69284248,1294024704,1294024704,1.0336369999999997,4510,2217280,34932000,34930688,46.149431999999976,594.9576500000002,41,141.337761,70.84041500000002,2017856,0.887653,1077.771086,32412960,32411648,34.696771,46.323078,1937402,1919808,0,136.15652100000003,69286872,6583616,69286872,1405050,639936,2044986,feb355ee4f0509c040579231170eafeca1de72fcd245f55d4ad7ec7df0fb25f9,a25886364991283a8c32a10ed54c300fe4d6dca732776dd706c5297884a6d0a9
cluster90_n10000,ab,0,10000,19998,27,27,1088,1092,182x156,182,156,182,156,1024,991,32,6.4,26,27,10,9.1924698,0.0355423,7.3950024,0.0185462,0.1703716,0.0167769,1.5282073999999999,0.0189066,16848,17504,19656,20312,37816,639936,943488,38898781,38897053,1294598144,1294598144,0.709954,2951,1022112,20128608,20127744,18.544238,307.3891500000001,27,81.426719,29.622111999999998,940032,1.166524,534.378183,17253216,17252352,14.285825,21.635156,1514006,639936,0,57.275264,38898781,3066336,38898781,1405050,639936,2044986,d4588d1c4bb9ecaedbed4581d4d4ab3d09eb4ac3c2e5accc19ca96944672f913,6f3ba105ade61ca398f59ee7e7f3b268d73dd1286981124e778c8106d83cd110
cluster90_n10000,flat,0,10000,19998,27,1,19998,20020,728x715,728,715,728,715,1024,991,32,6.4,26,27,10,26.0787369,0.0329373,23.311082,0.0996039,0.7906377,0.0847603,1.7107918,0.023996200000000002,77436,78092,78624,79280,157372,639936,640640,7424659,7424595,1293717504,1293717504,0.099946,111,695968,2981920,2981888,3.861241,51.660515,1,72.890537,25.318653,639936,1.007372,230.243207,2928672,2928640,3.99593,22.566184,1513956,639936,0,46.824563,7424659,2082080,7424659,1405050,639936,2044986,e40277b87f34bd2a6b1f3afcd6ace6aaeab096ef5bc772477db2fd200028e77c,cd74c51d7dad8df8d8c3a6f7ccf66b51a1df945f108137e477c5846885f0e69e
cluster90_n10000,first_fit,0,10000,19998,27,27,5202,5205,390x347,390,347,390,347,1024,991,32,6.4,26,27,10,20.0911717,0.0318034,16.0277548,0.035661200000000004,0.6081726,0.0335347,3.3136164,0.0203326,37584,38240,42120,42776,81016,639936,4497120,83024979,83023251,1294548992,1294548992,0.7859569999999999,2934,4885920,43131744,43130880,50.62501,751.7971410000001,27,79.791314,32.408252,4494528,1.225182,1277.441914,38376288,38375424,49.442169,20.891089,1514013,639936,0,287.941514,83024979,14615640,83024979,1405050,639936,2044986,e00d0b01e68e6932b52b34e5d2658c67f63941ec0ec2f0981316ecd2b5e30050,aded32a1c7be625ae3b7dd4444554956aec8b4c2123a21456eb7bb8981e6bd2a
complete_h10,first_fit,1,1024,2046,10,10,1024,1029,182x147,182,147,182,147,1024,991,32,6.4,26,10,10,3.2181562,0.0183178,2.57513,0.010124,0.051422999999999996,0.0088081,0.5446694,0.0052663,5880,6128,7280,7528,13656,65472,329280,13593538,13592898,1294204928,1294204928,0.401462,1082,356720,7455040,7454720,11.282456,137.77918499999998,10,11.549537,7.245673,327680,1.220396,204.870133,6021440,6021120,6.5374099999999995,2.994043,115976,65472,0,25.503693,13593538,1070160,13593538,106805,65472,172277,d695c25a8f0a1063b5718803b8426ac5402cf4e6ba96364cd31b14320b4f2d6a,699e8b630ee71473a98f3597f73e5304e5642c97ac05bb9afa137a93f29d67e3
complete_h10,ab,1,1024,2046,10,10,205,207,78x69,78,69,78,69,1024,991,32,6.4,26,10,10,2.3140106,0.0208247,2.0191789,0.0054316,0.016185,0.0041815,0.2357012,0.0066351,2760,3008,3120,3368,6376,65472,66240,6138809,6138169,1294012416,1294012416,0.290016,1080,71760,3195200,3194880,4.600142000000001,66.703506,10,9.736185,5.925679000000001,65600,1.151683,101.126553,2826560,2826240,2.967711,2.556415,115969,65472,0,6.8587810000000005,6138809,215280,6138809,106805,65472,172277,b746f3993a63ce93c57a08a39e75fdb3b676e920403b836410c9b4920031af90,93667e2fcb828df1383750f25e7c2f67bbfaab70acdc3848ccf158899a89c1c1
complete_h10,flat,1,1024,2046,10,1,2046,2052,234x228,234,228,234,228,1024,991,32,6.4,26,10,10,3.8454028,0.0200388,3.465832,0.0235107,0.0436815,0.0064833,0.2569267,0.0038951,9120,9368,9360,9608,18976,65472,65664,2008479,2008415,1293991936,1293991936,0.047384,110,71136,958496,958464,0.867043,20.835829,1,8.21844,2.868715,65472,0.918312,41.179048,933920,933888,1.246177,2.248577,115953,65472,0,3.635127,2008479,213408,2008479,106805,65472,172277,365c08a721246aa267a6dde62c7dff73e07004aeeda4f09db29c8a52611dd172,a38ea477120a13dccfae39ea4e8156bca26c86f6ef6b272db993e24963e307de
complete_h10,pbc,1,1024,2046,10,15,446,450,130x90,130,90,130,90,1024,991,32,6.4,26,15,10,3.9490290999999997,0.040101399999999995,3.177104,0.0167132,0.0528433,0.0147013,0.6303827,0.0063132,5400,5768,7800,8168,13936,65472,216000,13672057,13671097,1294028800,1294028800,0.3679610000000001,1620,234000,7987680,7987200,8.783617,98.76282800000001,15,20.290593,10.642909,214080,0.924079,167.644717,5530080,5529600,5.06657,7.246494,152677,196416,0,14.810248999999997,13672057,702000,13672057,106805,65472,172277,0e776329f531025c0654ab72c98785e9bae94a664973d0af8c0424243f197987,0dd6d260cda03c84c239131db5db5902ad2b682520f4513c0c62002136b5fe78
prefix64_n10000,ab,1,10000,19998,17,17,1181,1183,182x169,182,169,182,169,1024,991,32,6.4,26,17,10,6.1344064,0.0238212,5.0212966,0.0113955,0.097151,0.0104683,0.9448804000000001,0.0181724,11628,12044,12376,12792,24836,639936,643552,25955805,25954717,1294577664,1294577664,0.46243399999999996,1870,705432,12673568,12673024,18.892815,230.90941699999996,17,79.810543,24.929983999999997,642464,1.080681,439.330321,11768352,11767808,12.237936000000001,21.296894,1512015,639936,0,47.350985,25955805,2091544,25955805,1403079,639936,2043015,6dde51bacf86416045e48860f0ece593123af65926bea964cdd2351763ce9c9d,dc161a30f44e660820c1cc499b7c5f03957a9df443ba1bd1d442a37aa241e7f9
prefix64_n10000,pbc,1,10000,19998,17,26,2379,2380,260x238,260,238,260,238,1024,991,32,6.4,26,26,10,16.2389126,0.039641499999999996,13.5780689,0.0280437,0.31978280000000003,0.026289899999999998,2.2093868999999997,0.0254797,24960,25592,27040,27672,53264,639936,1980160,54966304,54964640,1294106624,1294106624,0.7189540000000001,2860,2163200,27689792,27688960,33.788451,484.42975099999995,26,145.074986,59.452447,1979328,1.088598,922.671126,25346880,25346048,26.962721999999992,42.626325,1926772,1919808,0,124.028393,54966304,6435520,54966304,1403079,639936,2043015,42b9310ebd46743bc9106c72d474b7600d1467bbe4e2542f1986863a848b465a,516d34045a962736de0cbd47030f03f62cd9cc4567d33fd8467187b9f7086cd3
prefix64_n10000,flat,1,10000,19998,17,1,19998,20020,728x715,728,715,728,715,1024,991,32,6.4,26,17,10,16.7447921,0.0249559,14.7224172,0.0761816,0.6386867,0.0552151,1.2008091,0.0189385,48756,49172,49504,49920,99092,639936,640640,7422688,7422624,1293701120,1293701120,0.064153,111,695968,2981920,2981888,2.460193,69.371125,1,68.377159,17.309914,639936,1.036721,227.5464,2928672,2928640,4.847057,23.520573,1511985,639936,0,38.83416,7422688,2082080,7422688,1403079,639936,2043015,1c4ea69ba9865383f0db3641a4ac1928cdbb8abf5780e8ed11d1dabc0e9ab8fd,9fa612750c3b62b989fffc37d66c460f6deb7f377aa692907433cd2f055ce28c
prefix64_n10000,first_fit,1,10000,19998,17,17,5738,5745,390x383,390,383,390,383,1024,991,32,6.4,26,17,10,12.4598414,0.024850399999999998,10.0697996,0.0249165,0.2921304,0.0215863,1.9951664,0.022826,26112,26528,26520,26936,53464,639936,3125280,55340495,55339407,1294553088,1294553088,0.6519359999999998,1849,3394560,27157024,27156480,32.081177,452.94867400000004,17,73.331318,22.957437000000002,3121472,1.062829,814.229239,26669600,26669056,29.565371,20.16818,1512022,639936,0,179.15872599999997,55340495,10157160,55340495,1403079,639936,2043015,430ad54f2f65d1a86f880514495865d5dbd6ebadbd855300f1c0028bdcb873ad,20c1bb48a09a3307851e53320b9907a7963fc7713c988cac03eff98b1884f2e7
cluster90_n10000,pbc,1,10000,19998,27,41,1538,1544,208x193,208,193,208,193,1024,991,32,6.4,26,41,10,16.1154964,0.0441049,13.324891000000001,0.0293851,0.3162115,0.0237325,2.3420669,0.0257507,31980,32972,34112,35104,68076,639936,2025728,69286872,69284248,1294249984,1294249984,0.8857429999999997,4510,2217280,34932000,34930688,45.414857,570.1895839999999,41,123.72823,68.128055,2017856,0.921607,1012.250553,32412960,32411648,33.662624,40.799863,1937402,1919808,0,123.016059,69286872,6583616,69286872,1405050,639936,2044986,feb355ee4f0509c040579231170eafeca1de72fcd245f55d4ad7ec7df0fb25f9,f13cbb3e21dc6ef84f76e570981ad4d0cd53f68cb98211c39f32f511702f2469
cluster90_n10000,ab,1,10000,19998,27,27,1088,1092,182x156,182,156,182,156,1024,991,32,6.4,26,27,10,8.3400623,0.0231652,6.7521372,0.0200192,0.1324917,0.0162654,1.3699236,0.0179168,16848,17504,19656,20312,37816,639936,943488,38898781,38897053,1293688832,1293688832,0.6138859999999998,2951,1022112,20128608,20127744,17.189576,294.158701,27,60.283867,25.525058,940032,0.977068,486.185554,17253216,17252352,12.908141,20.093605,1514006,639936,0,52.36232400000001,38898781,3066336,38898781,1405050,639936,2044986,d4588d1c4bb9ecaedbed4581d4d4ab3d09eb4ac3c2e5accc19ca96944672f913,282552d08a489471667a93288fd97c23e2a080a25162048b20fd936e51d49575
cluster90_n10000,first_fit,1,10000,19998,27,27,5202,5205,390x347,390,347,390,347,1024,991,32,6.4,26,27,10,16.5222731,0.0243005,13.1339035,0.0268922,0.5075667,0.0229241,2.7775809000000002,0.0179372,37584,38240,42120,42776,81016,639936,4497120,83024979,83023251,1293795328,1293795328,0.799266,2934,4885920,43131744,43130880,39.62825699999999,585.370685,27,75.248174,26.680663000000003,4494528,2.101414,1020.146213,38376288,38375424,31.494145999999994,19.494525,1514013,639936,0,237.160881,83024979,14615640,83024979,1405050,639936,2044986,e00d0b01e68e6932b52b34e5d2658c67f63941ec0ec2f0981316ecd2b5e30050,976aa68ef1bd6ca2fc78c084b4087b9b112405be4458fab163d8c634f86f7927
cluster90_n10000,flat,1,10000,19998,27,1,19998,20020,728x715,728,715,728,715,1024,991,32,6.4,26,27,10,22.4050198,0.0378391,19.8487418,0.07490240000000001,0.7119517,0.0708464,1.6373605,0.0168633,77436,78092,78624,79280,157372,639936,640640,7424659,7424595,1294647296,1294647296,0.056292,111,695968,2981920,2981888,1.356498,45.462031,1,83.075025,11.024495,639936,0.813562,205.463521,2928672,2928640,2.958314,21.327411,1513956,639936,0,37.829199,7424659,2082080,7424659,1405050,639936,2044986,e40277b87f34bd2a6b1f3afcd6ace6aaeab096ef5bc772477db2fd200028e77c,2e0443462a005733f964d2d6ccb837a3f13d89a5d51bdfa31498695af9123d2b
uniform_n10000,pbc,1,10000,19998,17,26,2379,2380,260x238,260,238,260,238,1024,991,32,6.4,26,26,10,11.4954283,0.0365517,9.2469816,0.0235204,0.255307,0.020671000000000002,1.878806,0.0221681,24960,25592,27040,27672,53264,639936,1980160,54986297,54984633,1294024704,1294024704,0.6503739999999999,2860,2163200,27689792,27688960,29.973976999999994,441.88384500000006,26,144.438944,57.78114700000001,1979328,0.839339,870.002569,25346880,25346048,29.836913000000003,37.534542,1946765,1919808,0,122.47831500000001,54986297,6435520,54986297,1423072,639936,2063008,e2c951cec124d2e0dd7e5f352323cb8969781106551c6790ea2d06833b87b862,c92c7d530724e4a4473924cd8f89d314687267f9f19466bfc1a7ff08fc35dedf
uniform_n10000,flat,1,10000,19998,17,1,19998,20020,728x715,728,715,728,715,1024,991,32,6.4,26,17,10,14.6642659,0.024021,13.0173804,0.11758249999999999,0.4479455,0.0626428,0.971939,0.01588,48756,49172,49504,49920,99092,639936,640640,7442681,7442617,1294356480,1294356480,0.045646,111,695968,2981920,2981888,1.434967,46.74756,1,62.169692,19.086459,639936,0.854083,196.370597,2928672,2928640,5.624643,20.964822,1531978,639936,0,37.667506,7442681,2082080,7442681,1423072,639936,2063008,916fd50ca66f2819b34ebad92b05631f5ec7f4aa060f846da5011e7c6da5ea09,951ae618b688c3c857e2910b332574ed945b065fa605b8735aaf1fb63b4d3430
uniform_n10000,first_fit,1,10000,19998,17,17,5646,5655,390x377,390,377,390,377,1024,991,32,6.4,26,17,10,12.7770618,0.0264774,10.3180184,0.0225372,0.3715037,0.019817500000000002,1.9807124,0.0203029,25704,26120,26520,26936,53056,639936,3076320,54942696,54941608,1294467072,1294467072,0.5384359999999999,1849,3341520,27157024,27156480,27.414579999999997,449.83336299999996,17,72.297157,21.332733,3071424,0.747655,784.896213,26251808,26251264,25.099869000000005,18.253024,1532015,639936,0,167.49990300000002,54942696,9998040,54942696,1423072,639936,2063008,a5e27ae1bc4c77ab45e2c7f084a9c67bc236786e677773a2f9e91cf821bc74bd,832718485af2bc828c6503d9a2051750c22262c7782992eeea50fe011f41c254
uniform_n10000,ab,1,10000,19998,17,17,1179,1183,182x169,182,169,182,169,1024,991,32,6.4,26,17,10,5.2752721000000005,0.0217287,4.1824795,0.0145202,0.0835733,0.0156847,0.9350189999999999,0.016126599999999998,11628,12044,12376,12792,24836,639936,643552,25975798,25974710,1294364672,1294364672,0.48623000000000005,1870,705432,12673568,12673024,17.441348,206.70244399999999,17,62.820217,24.053383999999998,641376,1.334848,387.536969,11768352,11767808,10.683123,22.814929,1532008,639936,0,39.268249000000004,25975798,2091544,25975798,1423072,639936,2063008,ef01ed77453c884022e1cb92d128ce0d5c5909dc88d5b3ae0edd852b38a81e0a,221b8f6f7fee15b2e1c5e768bf2e2b9c710a1f56a5ddfb29ee23c4599d8f38a7
uniform_n1000,pbc,1,1000,1998,13,20,341,344,104x86,104,86,104,86,1024,991,32,6.4,26,20,10,3.8073009,0.0213193,3.0824401,0.0106235,0.0430331,0.0077906,0.6231855,0.014708200000000001,6960,7448,8320,8808,16256,63936,220160,15758016,15756736,1294123008,1294123008,0.5326310000000001,2160,241280,8520320,8519680,7.379146999999998,112.83371599999998,20,22.121486,12.590785,218240,0.864881,180.585345,7045760,7045120,5.157225000000002,4.943566,189776,191808,0,13.533269999999998,15758016,715520,15758016,144091,63936,208027,c20effd6c7d24a378edba641a663f4434bc88eb37d4f2a4b89f56fc77019b69b,4ec4c7018d672ed52e5a3db8767bed95b8d479811219e201356b5b147f0a9b91
uniform_n1000,ab,1,1000,1998,13,13,154,156,78x52,78,52,78,52,1024,991,32,6.4,26,13,10,2.1965437,0.015517699999999999,1.8258621000000002,0.0058896,0.015979,0.005358,0.3103312,0.0139505,2808,3128,4056,4376,7504,63936,64896,7077497,7076665,1294102528,1294102528,0.3132310000000001,1404,73008,4153760,4153344,4.187556,52.945075,13,8.235701,4.910743999999999,64064,1.353604,83.023319,2769312,2768896,2.548129,2.578044,153021,63936,0,5.663077,7077497,210912,7077497,144091,63936,208027,bf11d2133d04c85bb829957c34fc019dddf05dabea408fc577071d99c5a3ba34,299a0b9a06a88b0a11d51ca0967e87761ab49186d38eac07e2de43befaa53428
uniform_n1000,flat,1,1000,1998,13,1,1998,1998,234x222,234,222,234,222,1024,991,32,6.4,26,13,10,3.8881042,0.0152143,3.5512613,0.0118637,0.0481313,0.0090435,0.2367554,0.0126071,11544,11864,12168,12488,24352,63936,63936,2020949,2020885,1294123008,1294123008,0.040904,110,69264,958496,958464,0.929044,18.036052,1,10.053692,1.356268,63936,1.304122,39.802314,909344,909312,1.314747,2.546388,152999,63936,0,4.058094,2020949,207792,2020949,144091,63936,208027,caa37baaae4674569928c71f36a25296d91f11e36b02c1528a772924e1f81ddf,83483a65c8e1d5ab75e7acfbe30cc69726001e2da3c82e66356209db4748b713
uniform_n1000,first_fit,1,1000,1998,13,13,580,580,130x116,130,116,130,116,1024,991,32,6.4,26,13,10,3.2830924,0.0145365,2.7063563999999998,0.011775,0.0467631,0.0090792,0.472319,0.017289,6084,6404,6760,7080,13484,63936,241280,13254273,13253441,1294020608,1294020608,0.495203,1405,263640,6922656,6922240,7.392996,101.48910199999999,13,11.789114,6.069396000000001,241280,1.829979,153.798448,6177184,6176768,6.202532,3.068446,153028,63936,0,15.126726999999999,13254273,784160,13254273,144091,63936,208027,21e636579a0561eb10324c231f477c083c24d824febe07fcaf0acd1c3ed54999,ef8a0fff228ec06ee42e1c0a91cbbebf61dcb5f2860b2c8d29e80329ae1f0f16
uniform_n100000,flat,1,100000,199998,21,1,199998,200024,2288x2273,2288,2273,2288,2273,1024,991,32,6.4,26,21,10,62.1167216,0.0354605,50.3259707,0.1287005,5.4882898,0.13981179999999999,5.9651977,0.0190236,191016,191528,192192,192704,384232,6399936,6400768,34723981,34723917,1294581760,1294581760,0.076593,113,6937216,9371680,9371648,6.607862,127.136506,1,722.729911,104.097688,6399936,0.854585,1667.422879,9310240,9310208,14.402192,204.361857,16041948,6399936,0,470.406112,34723981,20802496,34723981,14753044,6399936,21152980,4bb68311ad2c694fa7043566357af29283e63f759c911df84d8150829f117fa2,0b3d79374e278df0952e27f6f712d1047ef679d89c49481ea2a10da356811fc2
uniform_n100000,pbc,1,100000,199998,21,32,18993,19008,702x704,702,704,702,704,1024,991,32,6.4,26,32,10,40.2788423,0.0483302,32.0859496,0.0855306,1.7375826,0.0621977,6.2251823,0.0224746,90240,91016,89856,90632,181648,6399936,19464192,204924854,204922806,1294409728,1294409728,0.813119,3552,21116160,92013568,92012544,74.24454499999997,1411.2091249999999,32,1214.657486,427.9530950000001,19448832,0.782485,4754.490233,92275712,92274688,81.69144299999996,363.320627,20632022,19199808,0,1141.33324,204924854,63258624,204924854,14753044,6399936,21152980,74c289b5ab2ea31c0ad941fe5f72e54c011cdf86b3e2affd6f1a36a8caf538ef,3154e4033c14e7f73be081264897d2cb5742adf91f8f5bd6801ca54d46eac043
uniform_n100000,ab,1,100000,199998,21,21,9552,9560,520x478,520,478,520,478,1024,991,32,6.4,26,21,10,18.4174789,0.0368466,14.4912348,0.0407546,0.6165231,0.0340481,3.1663394,0.0221423,40320,40832,43680,44192,85024,6399936,6424320,101889608,101888264,1294684160,1294684160,0.510457,2310,6988800,44728992,44728320,26.483057,643.4844940000002,21,549.167654,121.61497,6418944,1.027105,1914.151937,41116320,41115648,26.851134000000002,202.082045,16041986,6399936,0,323.31479,101889608,20879040,101889608,14753044,6399936,21152980,d31201ec08209a7af5b7a6f8ea8dccab4acc62102848bf93a35da8964eee38d5,e50285ff99c01bd9e288c8b26ce9c164d999b2677ef8abda05a0185dda74f6d9
uniform_n100000,first_fit,1,100000,199998,21,21,52876,52900,1196x1150,1196,1150,1196,1150,1024,991,32,6.4,26,21,10,37.9192237,0.0256098,29.1425903,0.0571632,2.4628762,0.0560147,6.141478,0.0193328,96768,97280,100464,100976,198256,6399936,35548800,217839188,217837844,1294585856,1294585856,0.643818,2315,38578176,102875808,102875136,71.019711,1540.803516,21,638.789875,186.42053999999996,35532672,1.4039,5084.377183,98919072,98918400,72.284538,215.730943,16041993,6399936,0,2337.0686979999996,217839188,115533600,217839188,14753044,6399936,21152980,d92f0fc2b3ad84b6b96770e805517d3d793e6cd0e9db7882d0fb24fec9fe77b8,054c4682efc4f0399947715058d4b756092b25dd687f4e120b3660d6c747b23a
complete_h14,first_fit,1,16384,32766,14,14,16384,16406,676x631,676,631,676,631,1024,991,32,6.4,26,14,10,16.9171287,0.0188247,13.5431877,0.0319526,0.6725537,0.0342573,2.5993908,0.0076486,35448,35792,37856,38200,73992,1048512,7349888,76966202,76965306,1293799424,1293799424,0.4950779999999999,1523,7987616,38764992,38764544,23.493335999999996,553.99623,14,103.109026,30.347786999999997,7340032,0.728517,1159.200916,36184512,36184064,26.841376999999998,26.04036,2015175,1048512,0,391.183583,76966202,23887136,76966202,1829630,1048512,2878142,4d3b489950233807ca379a59976b048701aaa38f6cdb7f80ae0a90cdd69e938d,14e3ed78a2f7de38c1eecdc0a8cd916cd899428ce95031e88e2836ccc10ed945
complete_h14,flat,1,16384,32766,14,1,32766,32796,936x911,936,911,936,911,1024,991,32,6.4,26,14,10,15.3883264,0.020821,13.3252204,0.085962,0.6502322,0.046831700000000004,1.2390341,0.0134196,51072,51416,52416,52760,104176,1048512,1049472,9580631,9580567,1294704640,1294704640,0.158722,111,1138176,3833888,3833856,6.960236,60.763222,1,97.935759,22.962587,1048512,0.777286,294.528598,3731488,3731456,5.679386,30.382542,2015144,1048512,0,66.394095,9580631,3410784,9580631,1829630,1048512,2878142,364a0de102b3a4c45fc5f7e8a3a11f94cac0786be560d1890cb66d2007725814,5ce4d9ee0303beecd79923ce05d4c586ee051b16252ce9ff2bd1884d562e0af0
complete_h14,pbc,1,16384,32766,14,21,4789,4802,364x343,364,343,364,343,1024,991,32,6.4,26,21,10,13.0349997,0.0308465,10.6125413,0.0224762,0.3930973,0.01859,1.9422681,0.0072462,28980,29492,30576,31088,60580,1048512,3226944,63516720,63515376,1310109696,1310109696,0.6149,2310,3516240,31310496,31309824,30.865605,448.85913199999993,21,196.260328,80.70046899999998,3218208,0.893458,1035.333248,29504160,29503488,29.441509000000007,59.580562,2699754,3145536,0,181.45524200000003,63516720,10487568,63516720,1829630,1048512,2878142,9b65bdcff9eea52052f3ab5c19130036433bbea63a977e89a0c41c9ff1fd180c,42b09eab2de4f05a691b6aae74c092e0d11f19bc2461a46c30043045d3592fcc
complete_h14,ab,1,16384,32766,14,14,2354,2360,260x236,260,236,260,236,1024,991,32,6.4,26,14,10,5.755416,0.0209651,4.6093932,0.0116732,0.1279862,0.0136002,0.948604,0.013954,13272,13616,14560,14904,28520,1048512,1057280,30460228,30459332,1309745152,1309745152,0.309846,1540,1150240,14909888,14909440,13.794019000000004,195.298323,14,109.829747,26.705622,1054592,0.793922,440.691506,13533632,13533184,9.919918000000001,26.741133,2015168,1048512,0,54.587155,30460228,3436160,30460228,1829630,1048512,2878142,bef523467ce3e08d926a9e1de8466669774f68650d761645a9a7b96803a5ff7a,608b18ae2506c1e148dab87fb8954bfdc2b432e376f7960b8780ccac72b184e5
uniform_n10000,first_fit,2,10000,19998,17,17,5646,5655,390x377,390,377,390,377,1024,991,32,6.4,26,17,10,10.2160871,0.0220279,8.1033985,0.0170808,0.3541392,0.0160939,1.6761295,0.0169103,25704,26120,26520,26936,53056,639936,3076320,54942696,54941608,1310359552,1310359552,0.5748449999999999,1849,3341520,27157024,27156480,26.990994999999998,360.8517310000001,17,72.493901,19.761667000000003,3071424,0.886931,677.41393,26251808,26251264,21.231054999999994,18.133737,1532015,639936,0,154.66394099999997,54942696,9998040,54942696,1423072,639936,2063008,a5e27ae1bc4c77ab45e2c7f084a9c67bc236786e677773a2f9e91cf821bc74bd,14515cc00f8f15dd69bcedd6cc332965494dc70b2f8ef0d06a08ea5dd186bdc4
uniform_n10000,flat,2,10000,19998,17,1,19998,20020,728x715,728,715,728,715,1024,991,32,6.4,26,17,10,14.973587,0.0229255,13.261838299999999,0.07227739999999999,0.4610454,0.0523101,1.079106,0.0172432,48756,49172,49504,49920,99092,639936,640640,7442681,7442617,1310314496,1310314496,0.052104,111,695968,2981920,2981888,1.488753,44.368792,1,63.843541,15.889737,639936,0.992508,187.729146,2928672,2928640,2.876959,19.409947,1531978,639936,0,37.03147,7442681,2082080,7442681,1423072,639936,2063008,916fd50ca66f2819b34ebad92b05631f5ec7f4aa060f846da5011e7c6da5ea09,667b72c3dd85ced4ad1e946b568ef2c640517ca52cbd8176f43c5026fa774ec1
uniform_n10000,pbc,2,10000,19998,17,26,2379,2380,260x238,260,238,260,238,1024,991,32,6.4,26,26,10,11.966636900000001,0.0414271,9.6837416,0.022054999999999998,0.3029718,0.019081,1.8661329,0.0230386,24960,25592,27040,27672,53264,639936,1980160,54986297,54984633,1310007296,1310007296,0.6467219999999998,2860,2163200,27689792,27688960,23.667666999999998,391.35286300000007,26,118.901623,47.503946,1979328,0.909285,745.23625,25346880,25346048,18.028787,36.606815,1946765,1919808,0,103.90786600000001,54986297,6435520,54986297,1423072,639936,2063008,e2c951cec124d2e0dd7e5f352323cb8969781106551c6790ea2d06833b87b862,1b4755ceee53b25a58976a6d48474e55ab669686c31a5fd402864e3a41392f8c
uniform_n10000,ab,2,10000,19998,17,17,1179,1183,182x169,182,169,182,169,1024,991,32,6.4,26,17,10,5.3740089,0.0326006,4.3336972,0.0117338,0.0846054,0.0094938,0.8798883,0.016455499999999998,11628,12044,12376,12792,24836,639936,643552,25975798,25974710,1310416896,1310416896,0.389464,1870,705432,12673568,12673024,10.830799,186.56129499999997,17,68.590619,18.750535000000003,641376,0.918341,348.785831,11768352,11767808,8.382498000000002,18.430044,1532008,639936,0,34.08024,25975798,2091544,25975798,1423072,639936,2063008,ef01ed77453c884022e1cb92d128ce0d5c5909dc88d5b3ae0edd852b38a81e0a,5b30c5aee70468a2d6478c9ac734e4e13f133867f5455ccb2455ff0266bf6314
complete_h10,ab,2,1024,2046,10,10,205,207,78x69,78,69,78,69,1024,991,32,6.4,26,10,10,1.3526782,0.0116428,1.179244,0.0037607,0.008981,0.0032866,0.1398789,0.0036852,2760,3008,3120,3368,6376,65472,66240,6138809,6138169,1310261248,1310261248,0.266346,1080,71760,3195200,3194880,3.5069769999999996,46.54931400000001,10,11.997874,4.337733,65600,0.757438,75.647242,2826560,2826240,1.864288,2.290373,115969,65472,0,3.7998949999999994,6138809,215280,6138809,106805,65472,172277,b746f3993a63ce93c57a08a39e75fdb3b676e920403b836410c9b4920031af90,56387a066d6854ed6abbb8c2b55f19c3f9144702c47ca3fe44cbc2ca29d9b6d7
complete_h10,pbc,2,1024,2046,10,15,446,450,130x90,130,90,130,90,1024,991,32,6.4,26,15,10,3.3932552,0.0227998,2.7058325,0.0122978,0.0431681,0.0150525,0.5797234,0.0086443,5400,5768,7800,8168,13936,65472,216000,13672057,13671097,1310117888,1310117888,0.345787,1620,234000,7987680,7987200,6.8790949999999995,88.07571899999999,15,16.867276,10.630434,214080,0.699787,144.888858,5530080,5529600,4.289394,3.766034,152677,196416,0,12.910164,13672057,702000,13672057,106805,65472,172277,0e776329f531025c0654ab72c98785e9bae94a664973d0af8c0424243f197987,9ffcf6cb40ea950071cfa6e40fe190e0746bf490d90994bc566a0432927785b6
complete_h10,flat,2,1024,2046,10,1,2046,2052,234x228,234,228,234,228,1024,991,32,6.4,26,10,10,2.875715,0.013242199999999999,2.6430936,0.0061882,0.0371602,0.0090969,0.1605964,0.0028119,9120,9368,9360,9608,18976,65472,65664,2008479,2008415,1310101504,1310101504,0.043331,110,71136,958496,958464,0.81206,14.373538,1,10.063207,2.262906,65472,1.22245,36.025046,933920,933888,0.918618,2.395189,115953,65472,0,3.595462,2008479,213408,2008479,106805,65472,172277,365c08a721246aa267a6dde62c7dff73e07004aeeda4f09db29c8a52611dd172,d7d39a6891bf2f4dc827d24a0061caa769b990c5490cd43879112679e066ab95
complete_h10,first_fit,2,1024,2046,10,10,1024,1029,182x147,182,147,182,147,1024,991,32,6.4,26,10,10,2.963546,0.0170485,2.3655853,0.0106684,0.056448200000000004,0.0107671,0.4941772,0.0043342,5880,6128,7280,7528,13656,65472,329280,13593538,13592898,1310093312,1310093312,0.30139099999999996,1082,356720,7455040,7454720,6.080822000000001,96.88904300000002,10,10.010083,4.757002999999999,327680,0.754482,143.70488,6021440,6021120,5.429094999999999,1.789969,115976,65472,0,17.43752,13593538,1070160,13593538,106805,65472,172277,d695c25a8f0a1063b5718803b8426ac5402cf4e6ba96364cd31b14320b4f2d6a,acd9b4e68adeeeb1b8133ce9d8c4208b35a02dcaddc187d2ed4fa462c2a5c84b
uniform_n1000,first_fit,2,1000,1998,13,13,580,580,130x116,130,116,130,116,1024,991,32,6.4,26,13,10,3.0716940999999998,0.0151847,2.4561676,0.0091046,0.0485294,0.0097866,0.5146237,0.0137581,6084,6404,6760,7080,13484,63936,241280,13254273,13253441,1310109696,1310109696,0.301867,1405,263640,6922656,6922240,6.674109000000001,98.88933,13,7.354658,5.853022,241280,1.389282,143.06736,6177184,6176768,5.35374,2.445297,153028,63936,0,14.535498999999998,13254273,784160,13254273,144091,63936,208027,21e636579a0561eb10324c231f477c083c24d824febe07fcaf0acd1c3ed54999,721fd8ed39b037ff761de3188b54076f216dfb3d317e1e0d4e510aebdf379b36
uniform_n1000,pbc,2,1000,1998,13,20,341,344,104x86,104,86,104,86,1024,991,32,6.4,26,20,10,3.9497296,0.0239548,3.1951996,0.0146278,0.0495023,0.0200204,0.6252103,0.0156927,6960,7448,8320,8808,16256,63936,220160,15758016,15756736,1310093312,1310093312,0.41463800000000006,2160,241280,8520320,8519680,7.784144000000001,107.26922499999999,20,14.024887,11.215391,218240,1.046713,164.833784,7045760,7045120,5.685981999999999,4.5874,189776,191808,0,12.293120000000002,15758016,715520,15758016,144091,63936,208027,c20effd6c7d24a378edba641a663f4434bc88eb37d4f2a4b89f56fc77019b69b,af04c9a78e610adee5fa70f7bf97f7406956fabd7146665e0d3b176898919bcf
uniform_n1000,flat,2,1000,1998,13,1,1998,1998,234x222,234,222,234,222,1024,991,32,6.4,26,13,10,3.784396,0.0132152,3.4137827,0.0105448,0.0391786,0.0324466,0.2591813,0.0126979,11544,11864,12168,12488,24352,63936,63936,2020949,2020885,1310203904,1310203904,0.049426,110,69264,958496,958464,0.894246,16.133216,1,7.381015,1.336662,63936,1.256437,34.039312,909344,909312,1.258126,2.514654,152999,63936,0,3.060699,2020949,207792,2020949,144091,63936,208027,caa37baaae4674569928c71f36a25296d91f11e36b02c1528a772924e1f81ddf,87fa5e36e543decd9f0058818f4b088f178fad6130e7e3fc3b253002c2c159ee
uniform_n1000,ab,2,1000,1998,13,13,154,156,78x52,78,52,78,52,1024,991,32,6.4,26,13,10,1.8571301,0.0140284,1.4999388,0.006905,0.0184703,0.0041947,0.2970845,0.013351700000000001,2808,3128,4056,4376,7504,63936,64896,7077497,7076665,1310109696,1310109696,0.24651700000000001,1404,73008,4153760,4153344,3.3946819999999995,42.133385,13,9.623374,4.475573,64064,1.185656,69.565746,2769312,2768896,1.974218,2.512705,153021,63936,0,3.7070549999999995,7077497,210912,7077497,144091,63936,208027,bf11d2133d04c85bb829957c34fc019dddf05dabea408fc577071d99c5a3ba34,53c3604c0eb1636ee45e820d3f9b8d139c97ffab39abc698a894154c225ad3a5
cluster90_n10000,ab,2,10000,19998,27,27,1088,1092,182x156,182,156,182,156,1024,991,32,6.4,26,27,10,9.1978285,0.0270755,7.4919139,0.0190535,0.1784656,0.0240236,1.4239134,0.0243792,16848,17504,19656,20312,37816,639936,943488,38898781,38897053,1310711808,1310711808,0.614754,2951,1022112,20128608,20127744,23.492376999999998,277.79833500000007,27,65.723418,24.453222999999998,940032,0.85914,482.6325,17253216,17252352,15.876783999999999,17.382167,1514006,639936,0,54.432081999999994,38898781,3066336,38898781,1405050,639936,2044986,d4588d1c4bb9ecaedbed4581d4d4ab3d09eb4ac3c2e5accc19ca96944672f913,5abe4de2018e3fce03d99e73ca271c826f1e6d40d1ad19dc8972873b4d5f09f0
cluster90_n10000,pbc,2,10000,19998,27,41,1538,1544,208x193,208,193,208,193,1024,991,32,6.4,26,41,10,17.4152273,0.0473621,14.3187247,0.0357742,0.3223585,0.032688,2.6278897,0.020731799999999998,31980,32972,34112,35104,68076,639936,2025728,69286872,69284248,1310314496,1310314496,1.026478,4510,2217280,34932000,34930688,43.025286,618.3008320000002,41,148.170444,64.436113,2017856,1.50591,1088.776255,32412960,32411648,36.687304,38.650463,1937402,1919808,0,131.924242,69286872,6583616,69286872,1405050,639936,2044986,feb355ee4f0509c040579231170eafeca1de72fcd245f55d4ad7ec7df0fb25f9,fbb874a1e3d81be059e2340fdd799ae190ca39244113573a0f4062ff8aee9cc5
cluster90_n10000,flat,2,10000,19998,27,1,19998,20020,728x715,728,715,728,715,1024,991,32,6.4,26,27,10,25.5233997,0.0346283,22.8907134,0.0800956,0.7777778,0.0941107,1.6142058,0.0237844,77436,78092,78624,79280,157372,639936,640640,7424659,7424595,1309884416,1309884416,0.064736,111,695968,2981920,2981888,1.516361,48.134357,1,64.612992,12.167283,639936,0.898545,189.690764,2928672,2928640,3.010418,20.537323,1513956,639936,0,37.110388,7424659,2082080,7424659,1405050,639936,2044986,e40277b87f34bd2a6b1f3afcd6ace6aaeab096ef5bc772477db2fd200028e77c,550f8fbb7311d25b9391b364f03e7c07911f4588887b7c3ad974f3aef5a7b735
cluster90_n10000,first_fit,2,10000,19998,27,27,5202,5205,390x347,390,347,390,347,1024,991,32,6.4,26,27,10,17.3627348,0.0339765,13.8424666,0.02798,0.5129643,0.0259422,2.884076,0.0209683,37584,38240,42120,42776,81016,639936,4497120,83024979,83023251,1309749248,1309749248,0.8437639999999998,2934,4885920,43131744,43130880,43.988196,640.8699110000001,27,62.352364,31.491135,4494528,0.987632,1083.305934,38376288,38375424,31.250863,19.928711,1514013,639936,0,249.059346,83024979,14615640,83024979,1405050,639936,2044986,e00d0b01e68e6932b52b34e5d2658c67f63941ec0ec2f0981316ecd2b5e30050,b4e6c84df800cca82140492fa481d6b2369f2bbe154a5ae21e91e6042234cfeb
prefix64_n10000,ab,2,10000,19998,17,17,1181,1183,182x169,182,169,182,169,1024,991,32,6.4,26,17,10,5.4487428,0.0217076,4.3948972,0.0106275,0.0860761,0.0086166,0.9054917,0.0158873,11628,12044,12376,12792,24836,639936,643552,25955805,25954717,1309818880,1309818880,0.38557500000000006,1870,705432,12673568,12673024,11.928216,181.495076,17,72.734919,19.702142,642464,0.92252,350.973645,11768352,11767808,8.661931,19.372761,1512015,639936,0,33.738057999999995,25955805,2091544,25955805,1403079,639936,2043015,6dde51bacf86416045e48860f0ece593123af65926bea964cdd2351763ce9c9d,0779740ea9e3bece186ee6659ac9104ae268cce40b7881de416d37b916360ee2
prefix64_n10000,pbc,2,10000,19998,17,26,2379,2380,260x238,260,238,260,238,1024,991,32,6.4,26,26,10,11.1594271,0.0314069,8.8760459,0.0212247,0.2417457,0.0185528,1.9368155,0.0258639,24960,25592,27040,27672,53264,639936,1980160,54966304,54964640,1310302208,1310302208,0.6286499999999999,2860,2163200,27689792,27688960,25.608165000000003,383.83624299999997,26,147.452383,51.46770599999999,1979328,0.941906,778.122249,25346880,25346048,16.663931,46.010016,1926772,1919808,0,100.894936,54966304,6435520,54966304,1403079,639936,2043015,42b9310ebd46743bc9106c72d474b7600d1467bbe4e2542f1986863a848b465a,d35961f75a90c38b5d0db5e784edee5fac457600acd7873264509b7a862b3b99
prefix64_n10000,first_fit,2,10000,19998,17,17,5738,5745,390x383,390,383,390,383,1024,991,32,6.4,26,17,10,11.4913959,0.0244604,9.1659858,0.020937400000000002,0.281418,0.0195594,1.9490009,0.0206877,26112,26528,26520,26936,53464,639936,3125280,55340495,55339407,1309810688,1309810688,0.45952499999999996,1849,3394560,27157024,27156480,22.692631,393.419147,17,70.449465,21.605268000000002,3121472,1.101691,712.74586,26669600,26669056,19.960383,19.804731,1512022,639936,0,161.30394399999997,55340495,10157160,55340495,1403079,639936,2043015,430ad54f2f65d1a86f880514495865d5dbd6ebadbd855300f1c0028bdcb873ad,3f1444f18b0f8d4289c7a03da365662605c28bab653e85ed1af143992349a6f2
prefix64_n10000,flat,2,10000,19998,17,1,19998,20020,728x715,728,715,728,715,1024,991,32,6.4,26,17,10,16.068012,0.0241661,14.1646653,0.0561375,0.6100393,0.041371,1.1448551,0.0195717,48756,49172,49504,49920,99092,639936,640640,7422688,7422624,1309732864,1309732864,0.057268,111,695968,2981920,2981888,1.579761,51.316937,1,65.861123,13.29126,639936,1.633876,205.747832,2928672,2928640,3.402527,22.614703,1511985,639936,0,44.28631,7422688,2082080,7422688,1403079,639936,2043015,1c4ea69ba9865383f0db3641a4ac1928cdbb8abf5780e8ed11d1dabc0e9ab8fd,260050f7b2c100f93efe72cc2faef1c333148f4953ccb147617670e87bdc489e
uniform_n100000,pbc,2,100000,199998,21,32,18993,19008,702x704,702,704,702,704,1024,991,32,6.4,26,32,10,39.9586784,0.0482756,32.140897100000004,0.08034580000000001,1.5503583,0.0694768,6.036939100000001,0.0225405,90240,91016,89856,90632,181648,6399936,19464192,204924854,204922806,1310519296,1310519296,0.7634599999999999,3552,21116160,92013568,92012544,72.76783899999998,1478.6030409999996,32,1184.803049,419.741652,19448832,0.851878,4828.052416,92275712,92274688,85.86834200000003,382.035676,20632022,19199808,0,1155.746851,204924854,63258624,204924854,14753044,6399936,21152980,74c289b5ab2ea31c0ad941fe5f72e54c011cdf86b3e2affd6f1a36a8caf538ef,f297adea57c075713896e7d285ac38208e50266429fcbf325636370327c1771b
uniform_n100000,first_fit,2,100000,199998,21,21,52876,52900,1196x1150,1196,1150,1196,1150,1024,991,32,6.4,26,21,10,35.7150465,0.0220941,26.7258869,0.0660732,2.4866831,0.0582239,6.3236546,0.0173842,96768,97280,100464,100976,198256,6399936,35548800,217839188,217837844,1309896704,1309896704,0.6764559999999998,2315,38578176,102875808,102875136,71.16813,1505.245658,21,642.687537,177.848615,35532672,1.036667,5075.587367,98919072,98918400,103.87448100000002,211.527841,16041993,6399936,0,2339.1734429999997,217839188,115533600,217839188,14753044,6399936,21152980,d92f0fc2b3ad84b6b96770e805517d3d793e6cd0e9db7882d0fb24fec9fe77b8,70b5dbeb550c9a124a18ce90ec1448e6a364b69e5c7b0380eead53f18cd5c1f7
uniform_n100000,ab,2,100000,199998,21,21,9552,9560,520x478,520,478,520,478,1024,991,32,6.4,26,21,10,15.6956641,0.0316496,12.1847586,0.0385967,0.5889485,0.024858,2.8016888,0.0162964,40320,40832,43680,44192,85024,6399936,6424320,101889608,101888264,1309925376,1309925376,0.513762,2310,6988800,44728992,44728320,32.074405,580.0933239999999,21,753.216995,135.187988,6418944,0.836214,2115.581961,41116320,41115648,33.46257,223.029097,16041986,6399936,0,334.65583000000004,101889608,20879040,101889608,14753044,6399936,21152980,d31201ec08209a7af5b7a6f8ea8dccab4acc62102848bf93a35da8964eee38d5,151e5bc961f526d2ab9f4bde08f1a9452bd5dc1e6295f11617dd9c217f73e4aa
uniform_n100000,flat,2,100000,199998,21,1,199998,200024,2288x2273,2288,2273,2288,2273,1024,991,32,6.4,26,21,10,64.3118313,0.0307742,51.7447415,0.141433,6.3756794,0.1153866,5.8658231,0.0217125,191016,191528,192192,192704,384232,6399936,6400768,34723981,34723917,1309831168,1309831168,0.05804,113,6937216,9371680,9371648,6.28042,132.515996,1,712.617396,115.021578,6399936,0.95347,1763.486839,9310240,9310208,13.489168,258.748806,16041948,6399936,0,504.312571,34723981,20802496,34723981,14753044,6399936,21152980,4bb68311ad2c694fa7043566357af29283e63f759c911df84d8150829f117fa2,cd781408a44a45f0227fcaee8817eb2e15393e4d4bd50c3eb5cadf2447503b8d
complete_h14,first_fit,2,16384,32766,14,14,16384,16406,676x631,676,631,676,631,1024,991,32,6.4,26,14,10,14.068260800000001,0.0178853,10.7580689,0.0289957,0.6311514,0.0248546,2.5910290000000002,0.0072232,35448,35792,37856,38200,73992,1048512,7349888,76966202,76965306,1309831168,1309831168,0.47621,1523,7987616,38764992,38764544,25.639859,575.8535949999999,14,98.154398,27.593602999999998,7340032,0.927765,1204.498127,36184512,36184064,35.40013,27.745487,2015175,1048512,0,409.45462,76966202,23887136,76966202,1829630,1048512,2878142,4d3b489950233807ca379a59976b048701aaa38f6cdb7f80ae0a90cdd69e938d,9bf1b43fd11795c790c100fd57f9b3c0565432c3dfd7a3f339e326df48300235
complete_h14,pbc,2,16384,32766,14,21,4789,4802,364x343,364,343,364,343,1024,991,32,6.4,26,21,10,13.3558985,0.0343051,10.7723391,0.0255702,0.3977012,0.019079,2.0904854999999998,0.0072029,28980,29492,30576,31088,60580,1048512,3226944,63516720,63515376,1310240768,1310240768,0.5927429999999999,2310,3516240,31310496,31309824,22.880885999999993,459.06319600000006,21,217.787645,80.20172000000001,3218208,1.057862,1036.563789,29504160,29503488,21.28187,59.850015,2699754,3145536,0,167.021767,63516720,10487568,63516720,1829630,1048512,2878142,9b65bdcff9eea52052f3ab5c19130036433bbea63a977e89a0c41c9ff1fd180c,2efb988d3a9462936852d311ad1f28d6a345996427b944565e3757bcfa666f65
complete_h14,flat,2,16384,32766,14,1,32766,32796,936x911,936,911,936,911,1024,991,32,6.4,26,14,10,15.6886379,0.0228276,13.7136081,0.0567352,0.6352937,0.0319798,1.2136562,0.0079536,51072,51416,52416,52760,104176,1048512,1049472,9580631,9580567,1309794304,1309794304,0.252464,111,1138176,3833888,3833856,1.857626,66.581419,1,91.327068,27.465467,1048512,0.925121,304.003094,3731488,3731456,5.701998,34.139418,2015144,1048512,0,72.752729,9580631,3410784,9580631,1829630,1048512,2878142,364a0de102b3a4c45fc5f7e8a3a11f94cac0786be560d1890cb66d2007725814,33c391560825bce1bc3f04e7b124d7f71cc87ad506e0989ae84b0f1430eca54f
complete_h14,ab,2,16384,32766,14,14,2354,2360,260x236,260,236,260,236,1024,991,32,6.4,26,14,10,5.7541471,0.020969599999999998,4.3888354,0.0104367,0.174442,0.0118262,1.1341323,0.0071684,13272,13616,14560,14904,28520,1048512,1057280,30460228,30459332,1309741056,1309741056,0.40076700000000004,1540,1150240,14909888,14909440,19.557609999999997,205.469451,14,117.90944,29.063136000000004,1054592,1.107666,480.050129,13533632,13533184,13.702526000000002,32.432106,2015168,1048512,0,57.485039,30460228,3436160,30460228,1829630,1048512,2878142,bef523467ce3e08d926a9e1de8466669774f68650d761645a9a7b96803a5ff7a,efa9d9c4124d745b9fb5729ad6045e9594e2b45e1f509fe82cd503d918b1701d
