height,sparsity,occupied,active,m,digest_kb,metadata_kb,metadata_over_digest,setup_ms
16,0.9995,33,64,7.333333333333333,2.0,1.5,0.75,4.764433406914274
16,0.99975,16,30,5.666666666666667,0.9375,0.703125,0.75,2.015533313776056
16,0.9999,7,12,3.3333333333333335,0.375,0.28125,0.75,0.7018000663568577
20,0.9995,524,1046,12,32.6875,24.515625,0.75,246.72446656040847
20,0.99975,262,522,10.666666666666666,16.3125,12.234375,0.75,95.92736675404012
20,0.9999,105,208,9.333333333333334,6.5,4.875,0.75,35.193933406844735
24,0.9995,8389,16776,17.666666666666668,524.25,393.1875,0.75,9332.988966566822
24,0.99975,4194,8386,15.666666666666666,262.0625,196.546875,0.75,3768.5253333766013
24,0.9999,1678,3354,14.333333333333334,104.8125,78.609375,0.75,1302.0427332570155
