key,address,leaf_type,leaf_type_name,first_seen_block
polygon-zkevm:0x200a725af490ca05e8577ecf7b4c83e57fea54a5:SMT_KEY:0,0x200a725af490ca05e8577ecf7b4c83e57fea54a5,0,balance,32090252
polygon-zkevm:0x200a725af490ca05e8577ecf7b4c83e57fea54a5:SMT_KEY:1,0x200a725af490ca05e8577ecf7b4c83e57fea54a5,1,nonce,32090252
polygon-zkevm:0x200a725af490ca05e8577ecf7b4c83e57fea54a5:SMT_KEY:2,0x200a725af490ca05e8577ecf7b4c83e57fea54a5,2,code_hash,32090252
polygon-zkevm:0x200a725af490ca05e8577ecf7b4c83e57fea54a5:SMT_KEY:4,0x200a725af490ca05e8577ecf7b4c83e57fea54a5,4,code_hash_length,32090252
polygon-zkevm:0x06581bb682c3a3eb9e98ea70a1c776304c5fefbb:SMT_KEY:0,0x06581bb682c3a3eb9e98ea70a1c776304c5fefbb,0,balance,32090252
polygon-zkevm:0x06581bb682c3a3eb9e98ea70a1c776304c5fefbb:SMT_KEY:1,0x06581bb682c3a3eb9e98ea70a1c776304c5fefbb,1,nonce,32090252
polygon-zkevm:0x06581bb682c3a3eb9e98ea70a1c776304c5fefbb:SMT_KEY:2,0x06581bb682c3a3eb9e98ea70a1c776304c5fefbb,2,code_hash,32090252
polygon-zkevm:0x06581bb682c3a3eb9e98ea70a1c776304c5fefbb:SMT_KEY:4,0x06581bb682c3a3eb9e98ea70a1c776304c5fefbb,4,code_hash_length,32090252
polygon-zkevm:0x2e8932d5662ad426fe335162b233680a524395ee:SMT_KEY:0,0x2e8932d5662ad426fe335162b233680a524395ee,0,balance,32095352
polygon-zkevm:0x2e8932d5662ad426fe335162b233680a524395ee:SMT_KEY:1,0x2e8932d5662ad426fe335162b233680a524395ee,1,nonce,32095352
polygon-zkevm:0x2e8932d5662ad426fe335162b233680a524395ee:SMT_KEY:2,0x2e8932d5662ad426fe335162b233680a524395ee,2,code_hash,32095352
polygon-zkevm:0x2e8932d5662ad426fe335162b233680a524395ee:SMT_KEY:4,0x2e8932d5662ad426fe335162b233680a524395ee,4,code_hash_length,32095352
polygon-zkevm:0xc2b55f94c1908d9a866c7d4beae36931b1b9c581:SMT_KEY:0,0xc2b55f94c1908d9a866c7d4beae36931b1b9c581,0,balance,32095352
polygon-zkevm:0xc2b55f94c1908d9a866c7d4beae36931b1b9c581:SMT_KEY:1,0xc2b55f94c1908d9a866c7d4beae36931b1b9c581,1,nonce,32095352
polygon-zkevm:0xc2b55f94c1908d9a866c7d4beae36931b1b9c581:SMT_KEY:2,0xc2b55f94c1908d9a866c7d4beae36931b1b9c581,2,code_hash,32095352
polygon-zkevm:0xc2b55f94c1908d9a866c7d4beae36931b1b9c581:SMT_KEY:4,0xc2b55f94c1908d9a866c7d4beae36931b1b9c581,4,code_hash_length,32095352
polygon-zkevm:0xf6ad3ccf71abb3e12becf6b3d2a74c963859adcd:SMT_KEY:0,0xf6ad3ccf71abb3e12becf6b3d2a74c963859adcd,0,balance,32095652
polygon-zkevm:0xf6ad3ccf71abb3e12becf6b3d2a74c963859adcd:SMT_KEY:1,0xf6ad3ccf71abb3e12becf6b3d2a74c963859adcd,1,nonce,32095652
polygon-zkevm:0xf6ad3ccf71abb3e12becf6b3d2a74c963859adcd:SMT_KEY:2,0xf6ad3ccf71abb3e12becf6b3d2a74c963859adcd,2,code_hash,32095652
polygon-zkevm:0xf6ad3ccf71abb3e12becf6b3d2a74c963859adcd:SMT_KEY:4,0xf6ad3ccf71abb3e12becf6b3d2a74c963859adcd,4,code_hash_length,32095652
polygon-zkevm:0xc8c2473ca020f27f67a64d6247bfd1e55502e2ea:SMT_KEY:0,0xc8c2473ca020f27f67a64d6247bfd1e55502e2ea,0,balance,32095652
polygon-zkevm:0xc8c2473ca020f27f67a64d6247bfd1e55502e2ea:SMT_KEY:1,0xc8c2473ca020f27f67a64d6247bfd1e55502e2ea,1,nonce,32095652
polygon-zkevm:0xc8c2473ca020f27f67a64d6247bfd1e55502e2ea:SMT_KEY:2,0xc8c2473ca020f27f67a64d6247bfd1e55502e2ea,2,code_hash,32095652
polygon-zkevm:0xc8c2473ca020f27f67a64d6247bfd1e55502e2ea:SMT_KEY:4,0xc8c2473ca020f27f67a64d6247bfd1e55502e2ea,4,code_hash_length,32095652
polygon-zkevm:0x645a1900d06ec40e85339e01f7d51c7ae2dbed2e:SMT_KEY:0,0x645a1900d06ec40e85339e01f7d51c7ae2dbed2e,0,balance,32095752
polygon-zkevm:0x645a1900d06ec40e85339e01f7d51c7ae2dbed2e:SMT_KEY:1,0x645a1900d06ec40e85339e01f7d51c7ae2dbed2e,1,nonce,32095752
polygon-zkevm:0x645a1900d06ec40e85339e01f7d51c7ae2dbed2e:SMT_KEY:2,0x645a1900d06ec40e85339e01f7d51c7ae2dbed2e,2,code_hash,32095752
polygon-zkevm:0x645a1900d06ec40e85339e01f7d51c7ae2dbed2e:SMT_KEY:4,0x645a1900d06ec40e85339e01f7d51c7ae2dbed2e,4,code_hash_length,32095752
polygon-zkevm:0x4cf89f51e090d6dcddbbbe5a458a01e9061823c5:SMT_KEY:0,0x4cf89f51e090d6dcddbbbe5a458a01e9061823c5,0,balance,32095752
polygon-zkevm:0x4cf89f51e090d6dcddbbbe5a458a01e9061823c5:SMT_KEY:1,0x4cf89f51e090d6dcddbbbe5a458a01e9061823c5,1,nonce,32095752
polygon-zkevm:0x4cf89f51e090d6dcddbbbe5a458a01e9061823c5:SMT_KEY:2,0x4cf89f51e090d6dcddbbbe5a458a01e9061823c5,2,code_hash,32095752
polygon-zkevm:0x4cf89f51e090d6dcddbbbe5a458a01e9061823c5:SMT_KEY:4,0x4cf89f51e090d6dcddbbbe5a458a01e9061823c5,4,code_hash_length,32095752
