address,first_seen_block
0x5eb6b3db915d29fc624b8a0e42ac029e36a1d86b,32046577
0x339d413ccefd986b1b3647a9cfa9cbbe70a30749,32046577
0xaf4a8048b2a2ce1757e221c9af0b8dc2426ca625,32046615
0x06581bb682c3a3eb9e98ea70a1c776304c5fefbb,32046615
0xb10f9ec04a66b69e3831e1e5b1e6b9d41081b6cc,32046744
0x047705099cccfab3020e79192c928699853e2391,32046744
0xd83729a90474d6ae09502ee3c58485cef40ac872,32046809
0x41af65a0c5a93c9593279e19236a46af9352fdb1,32046809
0x439904c2dc8874e484f2134078379ab2aec2399f,32046820
0x0e7197e7200a706e4b8e0ecfd39ef8c45cff1422,32046820
0x8c48afc5570be1f73b094461e3e31719321ece60,32046820
0x96d60f471b394fe38d2ac9687b2c9dc05a055b53,32046825
0xbc43dfdec65cd7031cd4835ad23efa4b728c2e83,32046825
0x84f75e27bcc160808ec3a0feabd57c2aa94cfb8c,32046850
0xe2706a65b431c5bdd02719fc28bf0a73612e3f60,32046850
0xd7e026bb356cf2450fc7e007cceb69a2cd4d7ca1,32046864
0xb5acad4f77763ff70b484697fd296b70644ff6b0,32046864
0x458069219ced3ca5c8901d0f076b366d7b212a51,32046995
0x00000000001594c61dd8a6804da9ab58ed2483ce,32047228
0xe3557583bdfc12eaf28b9f2d9607e2ccd05b24b1,32047228
0xb3314456567986e657d4c65ec9e8cb736b92d11d,32047235
0xc00fc2ec5099db4850e4035d1537f757d1744485,32047235
0x18d7c61826cdadc62bdfcef401d0cd5c69f3e945,32047251
0x7d4238e3b2dda63a10c49b26a82f4a4ba76d6f76,32047256
0x5890f29be721a6ba1ea94e36c68a82c07467ab8a,32047266
0x37e4d7a8801319117f9b0a92fb3419d22092144c,32047268
0xe21dee010b5309e3ea85606d02ef2d89e8dcc024,32047279
0xd456f5a088f34255293473592e2ab5de8dd8cc2c,32047574
0x623777cc098c6058a46cf7530f45150ff6a8459d,32047574
0x0728fa8212336f808b02312b058fd5a743131f9b,32047612
0x4412545af27ef57d8ba9931099c870b566210baa,32047619
0xa23afd16a08194647cb371e6d5a36763eea91786,32047631
0x199f9e430c2970832f4483ed0013abd8d247715d,32047633
0x2e8932d5662ad426fe335162b233680a524395ee,32047695
0xf6ad3ccf71abb3e12becf6b3d2a74c963859adcd,32047736
0xc8c2473ca020f27f67a64d6247bfd1e55502e2ea,32047736
0xb4132d4d3cafc7c053f2eae74215ec13642b0669,32047896
0x200a725af490ca05e8577ecf7b4c83e57fea54a5,32047903
0xc2b55f94c1908d9a866c7d4beae36931b1b9c581,32047959
0x1b81d678ffb9c0263b24a97847620c99d213eb14,32048167
0x1ad95f9cc90d7b03134c9cef55c4eaacf9a82a44,32048169
0x83ecfb358becdeafc0a55280161e3072c9922dc3,32048169
0x4cf89f51e090d6dcddbbbe5a458a01e9061823c5,32048170
0x645a1900d06ec40e85339e01f7d51c7ae2dbed2e,32048170
0x256efafed786d24163bedf15d583ea5dbdb4757c,32048211
0x415669455d93b755efe7f20ef6f1dbdce7f68f7d,32048211
0x842291cfbef554ff48197316136df9bea63eaac6,32048275
0xfbc5f5edf8bf111f6c09ee64874727f9e8a4fba5,32048448
0x74118f688c1ade603bb9571fa6fcf037cfa49ec7,32048528
0x99b0e034a5a0504a5c47c067a4e943db3d4a4a60,32048904
0xdae5696f7165fb71b72896d64fced54c481625f5,32049015
0xeed7a561433de809779a95e08d56d5bce5323434,32049435
0x6b78c9d678e9352bf189fd590a844f96cfaafda2,32049553
0x1195cf65f83b3a5768f3c496d3a05ad6412c64b7,32049714
0x1796a56b5446a4d7d32914aa645ba1d3730ae81d,32049714
0x67d0809ada627ab5bd623640332a2f370b2c906f,32049720
0x5e2b297016d41055876ff1078100c548adc3a498,32049747
0x89c06edf70662a472353fa22c085b4bc7b9acbe2,32049817
0xa3c863a5ba8e80a43688fd3c0c10d84248a25c53,32049821
0xfe642e65b75802bb33e4022545a26332f6d33557,32050118
0x3d21a0726f62cbb96cd79f4eac2acff7791ea6c2,32050434
0x137f8fe28cf380918a03f4254b437660caa1352c,32050760
0x7915c217654a80363737545ad05daebf2fab9568,32050807
0x77dd3c4beea2ebe5ac206429a5b06dcc0af7c5e1,32050972
0xd6424ca422cc83e8210d32cfdcf7e3b457f08989,32051544
0x0fca5194baa59a362a835031d9c4a25970effe68,32051544
0x2e38cd55163137483e30580cb468c2dff1d85077,32051898
0x9bbcf79731f8a33f2b90f5a031698748f0ab9651,32051898
0xd9bccf78bb46b6170c8a2bbfa3b5bd8b7d2da91f,32052095
0x34d2ac4e10a1232947e55267d48972b437dc78d8,32052420
0xf111122404b8c2fc01dff89c65d3104fbb608008,32052487
0xdcf645c7c245f4b34260374828a013d81875e642,32052487
0x2a3dd3eb832af982ec71669e178424b10dca2ede,32052594
0xc4a15da359f16d2dac4b9dfe63e376eaa8823089,32052594
0xbd4734584862d13c303296355df23d9f4b5cf5bb,32052605
0xf5f3b8faf45023fd92c0c88fedf73fb0529fc1cd,32052605
0xe294c510d020cf4fec1aec0b8735f882c1f6f733,32052768
0x5fb578b179f4559a5b375e5cdbc91f60e1e0c446,32052811
0x60c688801fd64a9e8d6341b6adf22d27c489d7e9,32052811
0x7959ebc9b52b7f0cd61a8a605fc69f42f2cb6da5,32053104
0xc59ddc2d744c9e7a00f59712121ad9f561f0e669,32054095
0x0e437c109a4c1e15172c4da557e77724d7243f71,32054288
0x195d5f7c0d1d5e9a5966925b71b041918c9ed8e9,32054822
0x85b3f50e9d3e902123fa6d3469511029be7c51f2,32054822
0x15dd590aedb68577c74ed23413876be45071c74a,32056201
0x4458d1894bc15754caf3cdad66bfdf41794b618a,32056201
0x266d6f31c3541481185f917ebbed68dbd96c2e0f,32056663
0x5e68be9a532eadf5edcbc2bec857d3d4b2e3aec5,32057052
0x82a9af300cb6b8e2d579d8a8f62e1662b690977b,32057052
0x763d460bd420111f1b539ce175f7a769b2cab39e,32058033
0xa6bf2be6c60175601bf88217c75dd4b14abb5fbb,32058456
0xb8ff877ed78ba520ece21b1de7843a8a57ca47cb,32058456
0xa658742d33ebd2ce2f0bdff73515aa797fd161d9,32058456
0xe93685f3bba03016f02bd1828badd6195988d950,32058456
0xbe4fb271cfb7bcbb47ea9573321c7bfe309fc220,32058478
0xdacf490da02b8bb3877f3c07bfa422a9c7ec0057,32058976
