address,first_seen_block,window
0x417a7ba2d8d0060ae6c54fd098590db854b9c1d5,22048400,22048390-22098389
0x9af3049dd15616fd627a35563b5282bea5c32e20,22048400,22048390-22098389
0x555a64968e4803e27669d64e349ef3d18fca0895,22048455,22048390-22098389
0x685ee51518320a6625fa2bb523b2eab385df68b3,22048455,22048390-22098389
0x00d2e45938811353506a12cb7a0bde2a50e0947b,22048475,22048390-22098389
0xb8af4fa4feabaa02a09d146e4f871ea4a0a41c04,22048475,28048390-28098389
0x709944a48caf83535e43471680fda4905fb3920a,22048565,28048390-28098389
0xc680bcda3b122837a0d49ba23f607b412cd90906,22048565,22048390-22098389
0x199f9e430c2970832f4483ed0013abd8d247715d,22048570,32047390-32097389
0xc2b55f94c1908d9a866c7d4beae36931b1b9c581,22048570,32047390-32097389
0xc3e8b59b47112c3937a1d1a8d833ddc65e9ee5ef,22048570,22048390-22098389
0x0be42e65325aeadcb5957442945d50a25c8cafb5,22048580,31048390-31098389
0xcd2afeaf99a8ab9e1bff24c47fd5d1d284d7231a,22048580,31048390-31098389
0x38126dd8a563c83d06f8103833d09c4bac6aa9df,22048825,22048390-22098389
0xb7a77a13b363bdd179181486fd573b702653250e,22048825,22048390-22098389
0x6b51ffff0145edcbb31803f826c79a4ea40e6d5e,22048835,22048390-22098389
0xca585e09df67e83106c9bcd839c989ace537bf95,22048835,31048390-31098389
0xa1a108cad30787d4f241d4ed23268dc170822de7,22048880,22048390-22098389
0x1231deb6f5749ef6ce6943a275a1d3e7486f4eae,22048925,28048390-28098389
0x63ea770edf285cd8ecb42f142080a81cb9a48af6,22048925,22048390-22098389
0x99721702bf1b8d1a9e15f3570faa6539addc3736,22048950,22048390-22098389
0xe0aa1bf93c964d09a58233765d321cc8e7b4a790,22048950,22048390-22098389
0x00a7374620a17328f4c865f19340cc247f62fb0c,22049000,22048390-22098389
0xa2036f0538221a77a3937f1379699f44945018d0,22049005,28048390-28098389
0xbe5b1afae3d69e0b193e18ba75ea27e45af9d681,22049005,22048390-22098389
0x1daa4f9e8f68b71541ed4eb08f496c8e591a6bb5,22049040,22048390-22098389
0x8ff6508bdd71b535df073920c423e9eaee0b97af,22049040,22048390-22098389
0x5fe5256a5dd4e30ad3106f97ac101b1d3b4c1317,22049045,22048390-22098389
0x256efafed786d24163bedf15d583ea5dbdb4757c,22049065,32047390-32097389
0x415669455d93b755efe7f20ef6f1dbdce7f68f7d,22049065,32047390-32097389
0xb91d3060c90aac7c4c706aef2b37997b3b2a1dcf,22049260,28048390-28098389
0x31b28e8a575bd07b53c51d0a7dc38c9dc47b7d9e,22049450,22048390-22098389
0x07a009e9e98649bff954cf3032ceb3e21e020f49,22049835,22048390-22098389
0xa8ce8aee21bc2a48a5ef670afcc9274c7bbbc035,22049835,28048390-28098389
0x17fc3813d8761eab20e8d16ba7d38b92547dec91,22049905,22048390-22098389
0xa06e1351e2fd2d45b5d35633ca7ecf328684a109,22049915,28048390-28098389
0xcf32d3b339b7e19c55afc211c21af0eb6466e775,22049915,22048390-22098389
0x671cb29d53ca762c749f995a6e7af8900732168f,22050020,22048390-22098389
0xe5e23462178f118daeb03da7db6a6ef8e9129bac,22050070,22048390-22098389
0x06581bb682c3a3eb9e98ea70a1c776304c5fefbb,22050100,32047390-32097389
0xfe642e65b75802bb33e4022545a26332f6d33557,22050100,32047390-32097389
0x4412545af27ef57d8ba9931099c870b566210baa,22050215,32047390-32097389
0xd83729a90474d6ae09502ee3c58485cef40ac872,22050215,32047390-32097389
0x178580ad1637e076b5b0c1b7414663d945f922e9,22050325,22048390-22098389
0x9f4a825290dc01edceff30fec2eae7498c7f8874,22050330,22048390-22098389
0xbd6dbee69e43caec12c76bbe805750760cc70b0e,22050430,22048390-22098389
0x07ca54b301deca9c8bc9af4e4cd6a87531018031,22050470,28048390-28098389
0xb3314456567986e657d4c65ec9e8cb736b92d11d,22050470,32047390-32097389
0xa214aed7cf1982d5e342fd93711a49153623f953,22050480,28048390-28098389
0x200a725af490ca05e8577ecf7b4c83e57fea54a5,22050485,32047390-32097389
0xa8e17be2b11e744561859c9c31ea060ee30bf37c,22050615,22048390-22098389
0xe10add2ad591a7ac3ca46788a06290de017b9fb4,22050615,22048390-22098389
0xcc50c6f39650a19f61bbcbeff0e4ce6b57761069,22050630,22048390-22098389
0xdeac0d4c6d3b219d4f378e7799801714ba4e7b36,22050630,22048390-22098389
0x9b77bf36dc0733e218ed29e332d2a2445c93e528,22050655,22048390-22098389
0xe1b729aa23fafb4485f9bdbfe937a8a6b91a1b13,22050655,22048390-22098389
0xa658742d33ebd2ce2f0bdff73515aa797fd161d9,22050790,28048390-28098389
0xe93685f3bba03016f02bd1828badd6195988d950,22050790,28048390-28098389
0x458069219ced3ca5c8901d0f076b366d7b212a51,22050855,32047390-32097389
0xbc43dfdec65cd7031cd4835ad23efa4b728c2e83,22050855,32047390-32097389
0x5a8bf7fdc5be87012203233845dfe208e337529d,22051010,22048390-22098389
0x886bd2518c974bc7a9715ee18c59bc79b0202014,22051270,22048390-22098389
0x8f957ed3f969d7b6e5d6df81e61a5ff45f594dd1,22051270,32047390-32097389
0x996623daec8db6dfa50a4a631833f45a0e4600d6,22051310,22048390-22098389
0x3eb210eaa4026f62d027fafaba1fa5592febb06a,22051485,28048390-28098389
0x8227ba2bc3aac89c643c24db380fd51491e990a1,22051830,22048390-22098389
0xb89a6778d1efe7a5b7096757a21b810cc2886fa1,22051830,22048390-22098389
0x3348053b13e22b2717c742cd4a60f5040564a530,22051865,28048390-28098389
0x41af65a0c5a93c9593279e19236a46af9352fdb1,22051865,32047390-32097389
0xaaa748f902bcf6559b38d0da3b5f069a2a71c84a,22051925,22048390-22098389
0x2e8932d5662ad426fe335162b233680a524395ee,22051930,32047390-32097389
0x0728fa8212336f808b02312b058fd5a743131f9b,22051975,32047390-32097389
0x0e7197e7200a706e4b8e0ecfd39ef8c45cff1422,22051975,32047390-32097389
0x2fc617e933a52713247ce25730f6695920b3befe,22052045,28048390-28098389
0xec2a30ccd79fa981c45ec429419db90a403d2ae5,22052045,22048390-22098389
0x195f07660bfcd5b2acf674f171f4d2b358db39b6,22052275,22048390-22098389
0x250dbc2ba40ef5edc5da223be2bed812eeb63286,22052275,22048390-22098389
0x4cae795b7c43cbbdef4a0423470cd3b45f52dc6f,22052395,22048390-22098389
0xb58f5110855fbef7a715d325d60543e7d4c18143,22052395,22048390-22098389
0x7f44be3aa8ebccd86674b6e2e0551101b801a8d2,22052400,22048390-22098389
0x3ded923e33a92f7bc5f265f3aee88aaaffc287c3,22052440,22048390-22098389
0xa71343c2d6d95214e1496e6dae89df89aee163ce,22052440,22048390-22098389
0x1664e78d2be4ea3d10a0aefa1a877942a53d740c,22052445,28048390-28098389
0x34fb0a8ceb9d3f15ffe1863404a6e3a359ec9436,22052445,28048390-28098389
0x3460270aafb9e538177e6ab7529650f88d740ce3,22052545,22048390-22098389
0xcadf127e68933c2234b778084cd37bf117d08bf9,22052545,22048390-22098389
0x88291c4e429c442b4128ea3468ee88b965817a37,22052610,22048390-22098389
0xb93c7491465cfe6121ee6bf62b2fdac567669953,22052660,22048390-22098389
0x46ef0071b1e2ff6b42d36e5a177ea43ae5917f4e,22052665,22048390-22098389
0xa66105eff43b29c43d28102de44907a116bdf2af,22052665,22048390-22098389
0x18c6008203daffb8a74ab1156a63a7364dfaf5df,22052715,22048390-22098389
0x88d86af98569bc4a2df0fa81bc9bc7e888d900cd,22052715,22048390-22098389
0xc2cd0d62c659b55e9a05b9d0a32b4885a1c8fdde,22052715,22048390-22098389
0xf2ab98c7ee971f9b9eb612e1501fefa2fb087f82,22052715,22048390-22098389
0x1f65b76b70e88aac66dddd6e631dbe53e59b0d4a,22052755,22048390-22098389
0x74118f688c1ade603bb9571fa6fcf037cfa49ec7,22052880,32047390-32097389
0x1ee406994b97cede7a9345c43bd6f42da738a651,22052925,22048390-22098389
0x5890f29be721a6ba1ea94e36c68a82c07467ab8a,22052945,32047390-32097389
0xdf77091e92741c200eef0f7e5595e49b76c0152c,22052945,22048390-22098389
0xd3ac65c35202db27a62fd4fd3d097127bdf55881,22053040,22048390-22098389
0x25ab3efd52e6470681ce037cd546dc60726948d3,22053120,22048390-22098389
0x666d6b8a44d226150ca9058beebafe0e3ac065a2,22053120,22048390-22098389
0x64327de57373bcd4243b0235cb877d9c65f7f6d8,22053160,22048390-22098389
0x50b7ea5f3453c57d6c9fc068990f90420bb547c0,22053170,22048390-22098389
0x12ba0d9f6d1b94ec9f26a99ac3c6af044fee186d,22053175,22048390-22098389
0xc0b9e26b5ed5b2bb1e1d1dfb175c9865aba722ae,22053175,22048390-22098389
0x55621743d61348c31d4dc2e7f3a4c8de385d3d24,22053185,22048390-22098389
0x8234890f38b174e35a99a09ca40e7b08beef9cab,22053230,22048390-22098389
0xd07ab3cd6ce7062b4cf8c2d459c0a9f88403ecb9,22053340,22048390-22098389
0xe62d19df93d84b3552498260188d19a772296b10,22053340,22048390-22098389
0x4dc6dcbe8b6a9534a5a82e32ff38202e0a70556d,22053350,22048390-22098389
0x055ef256bc11277fc2e4af99d14c816fd82edb87,22053525,22048390-22098389
0x71871f8d560b0ed56d657211f68d6654db65c2dd,22053530,22048390-22098389
0x1582a9b52f22a3085f7de63f1d35c12117c6b732,22053550,22048390-22098389
0x61c8273ef3a356cf85c2e52100396e4640c2bae6,22053575,22048390-22098389
0x43da27c8980e9a17868a89b0a33c23336bed2fcc,22053595,22048390-22098389
0xeb19bfb054173101087390c35de06eb1eff4c1e4,22053640,22048390-22098389
0x2f1b7f52fe9b78640849002865791018b0a5b89c,22053680,22048390-22098389
0x2aee25444ecc1b1895d6fcbad5c260e6df2f6763,22053755,22048390-22098389
0x44307ed7b4d4a320c8bc87ac314f7ef24f1d0fd0,22053805,22048390-22098389
0xb4132d4d3cafc7c053f2eae74215ec13642b0669,22053835,32047390-32097389
0x4dfb9258828185bedaf4b4ad8f1fd092c8d5646e,22053865,22048390-22098389
0x2d6c3aaaa53be2989f8c0a49cd143bbae8a3aeac,22053910,22048390-22098389
0xd8ec0aa51fe286bf5ed7d6c9553f4a32ca24d604,22053940,22048390-22098389
0x0deefd9ee500c713d513d97a996275e8230e4ba9,22053960,22048390-22098389
0x11871187bae89dff227491a7a712eaac56108fef,22053960,22048390-22098389
0x151db144e7cbe9876cf165984b9dbc22a4fcdae4,22053960,22048390-22098389
0x110d84c18294b20a1e2833f5524f2578a61dd45b,22054080,22048390-22098389
0x4d5eef5674d630fd341167c7a2cd683c46e75252,22054080,22048390-22098389
0x395bba136c073b5fe9144ee39ff76d166b08e1bd,22054090,22048390-22098389
0x91604f590d66ace8975eed6bd16cf55647d1c499,22054145,22048390-22098389
0xf70da97812cb96acdf810712aa562db8dfa3dbef,22054145,28048390-28098389
0x8a6b2b67968f89f6af41507d066ddeea1650c0e5,22054205,22048390-22098389
0xfc5814d029f741d3ac52a222dba511ca5068fe3f,22054230,22048390-22098389
0x00000000000007736e2f9aa5630b8c812e1f3fc9,22054255,22048390-22098389
0xc599362dc519363e6bfef909591088c5270c30c6,22054255,22048390-22098389
0x2e663bd6d1a0cb207eb37bdbcf57153c3222e062,22054300,22048390-22098389
0xbc8af10aa1d0d55ecf28e613f9297ae834908989,22054325,22048390-22098389
0x7d414bd93bd3ff17bb35a5fb3c05fed00389d9d3,22054365,22048390-22098389
0xbe4fb271cfb7bcbb47ea9573321c7bfe309fc220,22054370,22048390-22098389
0xcfb52a9e5808302ec8b3201f9ffc973cde2f5c3d,22054405,28048390-28098389
0x6aafdbb2ca5fe9fe422cf7f8e636cf7dfb112667,22054415,22048390-22098389
0xb86964d514bae12d8dbe2fd94bb7d3a97e52a25e,22054470,22048390-22098389
0xdb309b15401da54b631f5ac3c58bedb527a43760,22054495,22048390-22098389
0x6fa4d7fbc11af531126485efe7e44ccbae54bbcd,22054515,22048390-22098389
0x37fa31dea49e1c8b8065ce041e7a79ef4a785969,22054555,22048390-22098389
0x2ee901d6aab21aa32e50ad15779201c2d6637092,22054610,22048390-22098389
0x917192639dc0d1c8f6ecb4ffe69c5653cac232fd,22054655,22048390-22098389
0x1dabb29facf6c90fa16dee99fe32c3154dbb57f6,22054695,22048390-22098389
0xb6005d3867d1c796017d0133a12369f653387044,22054770,22048390-22098389
0x3eb6347f6282e78f778c23c97e8657f5ee5378e0,22054825,22048390-22098389
0x5523985926aa12ba58dc5ad00ddca99678d7227e,22054825,32047390-32097389
0x623af4933a5fa31ac834c4c22f24690076e1699a,22054860,22048390-22098389
0xda7b11717526582b1c641ab2f89e82b1b8eaf80b,22054860,22048390-22098389
0xdebafb96e04e3e0f9591989051235bed6f9d8012,22054895,22048390-22098389
0xf87c56ebe182ac6866c5168fb24e1beea1ffaa63,22054905,22048390-22098389
0x2aeb6eb0eb7837b5f838b90c902d9cca6ed6d559,22054920,22048390-22098389
0x6d7f94cbdf33017c41061c8493c505e82569db7a,22054950,22048390-22098389
0xf02fbdf3c7ea181c55bbd56a8d734bd3de4e2514,22054950,22048390-22098389
0x3bdb03ad7363152dfbc185ee23ebc93f0cf93fd1,22055070,22048390-22098389
0x57d2d722ac735abe1a5c95cc8b81c51c9645ac19,22055070,22048390-22098389
0x0d659056e26916e090d4702383371a5451e3dfcc,22055150,22048390-22098389
0x37e4d7a8801319117f9b0a92fb3419d22092144c,22055240,32047390-32097389
0x41e3a87a83a97feef756695ef8c066ecca75a54d,22055370,22048390-22098389
0xc626845bf4e6a5802ef774da0b3dfc6707f015f7,22055395,22048390-22098389
0xd446035a4983b2b04f962cabdbac695102182cb3,22055395,22048390-22098389
0x5452649fc6300d5774947b782c92795a28747258,22055450,22048390-22098389
0x7caec4f5886a3a44a0ed028aaf98aef5d13c2c74,22055480,22048390-22098389
0xf4fb6f1a84eae65f20c9bc53c9f4bec9b733526d,22055480,22048390-22098389
0xe961066d859d4922b51269801cd26a2351c4f1e3,22055530,22048390-22098389
0xd3e4d4bf274f8a8ff2542959fcdd3c5e112cab34,22055600,22048390-22098389
0x23aeed2f18e17c9d89640177d5f804f1e6aabddd,22055935,22048390-22098389
0xcd1d9052660cb53363bda06f95d91035bc3060c7,22055935,22048390-22098389
0x17d518736ee9341dcdc0a2498e013d33cfcdd080,22056020,22048390-22098389
0x288cf70af192216496714fc0fb9537ce727298b7,22056020,22048390-22098389
0xbcfd70ec4140841052dbe06b0dc9ac07726bff4d,22056095,22048390-22098389
0x90e5f3d9ad160b9bd212eb9ded87671f93333d5b,22056200,22048390-22098389
0xcca3e2b709a7936be1d423435f1c3348bedb53aa,22056200,22048390-22098389
0xe294c510d020cf4fec1aec0b8735f882c1f6f733,22056255,32047390-32097389
0xf2312a6269acd4c7b572c4d27ab476aff7e64a68,22056375,22048390-22098389
0x6e2a1efce794bf01d6a41bc9f1ffb7bbd1a22be3,22056520,22048390-22098389
0xfe30aac979e4036d75e0ad2c1cc0ddea0d2bc805,22056695,22048390-22098389
0x0e38ce31e3e50394dc7c177ebb5a77bf4fe5c05e,22056725,22048390-22098389
0xd077589624fd63b5e2d06c4588095362179bb82f,22056730,22048390-22098389
0x6c4cb69ab2a0583d2c44df3dff302f01eeddf8a2,22056760,22048390-22098389
0x5099abff70bf5611b2b0ec2610d381f558b32419,22056875,22048390-22098389
0x4350af2249746bbf1febd3dc2593dab33752a3dd,22056900,22048390-22098389
0x8903dc1f4736d2fcb90c1497aebbaba133daac76,22056900,28048390-28098389
0xfeb222b5f532c586c5b186bc596c5d5fe0b3a4a6,22056905,22048390-22098389
0x12d41b6df938c739f00c392575e3fd9292d98215,22056915,22048390-22098389
0x27b365c4a88f82de3174b3e2159c3a95ee878189,22056915,22048390-22098389
0x3c7717ff655bd5c1ffcf73fe4613bea56a7e685b,22056995,22048390-22098389
0x0f28529b0adbc29b64ba25941f9aefd0588e9236,22057110,22048390-22098389
0x31c2f6fcff4f8759b3bd5bf0e1084a055615c768,22057110,22048390-22098389
0x3b0574e54a9e00b38e500cb74e508c9832fcc743,22057110,22048390-22098389
0x5bcae2be4bb5068256c53519406eb90f3a6604f1,22057110,22048390-22098389
0x5f2978c2af6fbd895132231bf9a9ac2c972dc25f,22057110,22048390-22098389
0xbc28a2fc824e341d04944c99923fbff0eecc0161,22057110,22048390-22098389
0xc0d8bf190393f325b8318eb427076a44db29c87a,22057110,22048390-22098389
0xc8c2473ca020f27f67a64d6247bfd1e55502e2ea,28048415,32047390-32097389
0xf6ad3ccf71abb3e12becf6b3d2a74c963859adcd,28048415,32047390-32097389
0xc80d786cdbc5286854bd666b4cdb1ad985ca2c39,28048545,28048390-28098389
0x339d413ccefd986b1b3647a9cfa9cbbe70a30749,28048630,32047390-32097389
0x5eb6b3db915d29fc624b8a0e42ac029e36a1d86b,28048630,32047390-32097389
0xa6bf2be6c60175601bf88217c75dd4b14abb5fbb,28048825,32047390-32097389
0xb8ff877ed78ba520ece21b1de7843a8a57ca47cb,28048825,32047390-32097389
0xe21dee010b5309e3ea85606d02ef2d89e8dcc024,28049065,32047390-32097389
0xfbc5f5edf8bf111f6c09ee64874727f9e8a4fba5,28049215,32047390-32097389
0x9ef6d3c2f60d7b9008d74cab1fc0f899c957c819,28049240,28048390-28098389
0x96d60f471b394fe38d2ac9687b2c9dc05a055b53,28049255,32047390-32097389
0x1b3bf6f1250887c8f526be00d99af1068be1c29c,28049280,28048390-28098389
0x2fb0d4f09e5f7e399354d8dbf602c871b84c081f,28049660,28048390-28098389
0x12a7d1e6620be71f1e89197c2be949d69c54a2a9,28049755,28048390-28098389
0xdb95e4739a778b171b4c10d24c831ef69dd156c6,28049755,28048390-28098389
0x5598e6596e92ee25158544727fdd5aa3cf8a4204,28049875,28048390-28098389
0x779c8ce226fcd80bd83770883bbada8313492ac8,28049875,28048390-28098389
0x87388cd0e9d8ea75fa9c217f5ec4698422821b6a,28049925,28048390-28098389
0x6e22706d6e86c38f4bad40415b1b4c76f5b821b0,28049935,28048390-28098389
0xa4546415f9242707a4e8834a529259301922a16e,28050045,28048390-28098389
0xbf08de57242dedc737bb418388accb154bd0c292,28050330,28048390-28098389
0xea034fb02eb1808c2cc3adbc15f447b93cbe08e1,28050330,28048390-28098389
0x59916da825d2d2ec1bf878d71c88826f6633ecca,28050345,28048390-28098389
0x77956e8b78c61ecfbfbdd95e19b6c5e538412aab,28050650,28048390-28098389
0x1b81d678ffb9c0263b24a97847620c99d213eb14,28050735,32047390-32097389
0x12e081ea95127d2144fda40810f10d031f4bcddc,28050765,31048390-31098389
0x9ed4795541304c599b3a1eebd06eba535292df7d,28050780,28048390-28098389
0x439904c2dc8874e484f2134078379ab2aec2399f,28051025,32047390-32097389
0x4f9a0e7fd2bf6067db6994cf12e4495df938e6e9,28051060,28048390-28098389
0x63c43c3fb852739f55095656ad329b41a2d99a75,28051060,28048390-28098389
0xd99bf391c25a80f7a571f5d8ad557dbea011f200,28051170,28048390-28098389
0x6106e787dbd47ea5fb6ba01424b257d5822a38ac,28051215,28048390-28098389
0x8754bc615047de01228a7527b712806a71a8dc9a,28051300,28048390-28098389
0xd9bccf78bb46b6170c8a2bbfa3b5bd8b7d2da91f,28051565,32047390-32097389
0x623777cc098c6058a46cf7530f45150ff6a8459d,28051705,32047390-32097389
0x7d0ab961bd3101a0e0e1308e653b682f8df86301,28051705,28048390-28098389
0xa3c863a5ba8e80a43688fd3c0c10d84248a25c53,28052165,31048390-31098389
0x108004cdb9450f7da79a9297cc44a213763ef9ce,28052335,28048390-28098389
0x62a13fcf0ec6e069d6eec6ade9874913a3c7a9c4,28052335,28048390-28098389
0x8ee30051d4f1a1253af8f8b0b93e081a0b391adb,28052735,28048390-28098389
0xda638a635c906a0e0d50f2c8663b45d255947525,28052810,28048390-28098389
0xf809fb312574aeeb2e785707664d84b4e88cdeee,28052810,28048390-28098389
0xc3617463856708f755b18969d3f545f407f0b225,28053100,28048390-28098389
0x354f68cae7a324b3b8a686c9097c6e5bea47bbe7,28053745,28048390-28098389
0x34b7103905aad8a763bf8818cda22e5e9af72624,28053900,28048390-28098389
0xe18ca00dcab461f9da49bdd2f20fc7f3537f071a,28054200,28048390-28098389
0xf550d557471d70a06b2f423c94900d4673029b0e,28054345,28048390-28098389
0x1a2bd99016233a06dbe7d69a30316db46b7c6511,28054800,28048390-28098389
0xd748123e395ab14aaa7e294b0f441212ff9bcd02,28054800,28048390-28098389
0x65d4315d121a639cc4fc78e06acea95880839421,28055110,28048390-28098389
0xafb4636ce9bded4261c7226f32148496196ec622,28055765,28048390-28098389
0x1680fceab005319574cc81dc1eeae51ba89b532f,28055780,28048390-28098389
0x7915c217654a80363737545ad05daebf2fab9568,28055920,32047390-32097389
0x1a91b8a792c325d88666fe27a0b8358d05a81b2e,28059465,28048390-28098389
0x01dfbe3fa2635703da48ce40a26c77b880f5a8bc,28062215,28048390-28098389
0x98e6cbe431a6ffff0f9a3cf1198c2d38e8032eb8,28063535,28048390-28098389
0xa0cb600f61d6588c3d2a0df1237bd8dc04063e00,28063750,28048390-28098389
0x328809a567b87b6123462c3062e8438bbb75c1c5,28063805,28048390-28098389
0x40df0c3bbaae5ea3a509d8f2aa9e086776c98e6c,28063950,28048390-28098389
0x66a460003467a83cfe35361af8f1e85497c19a0d,28063950,28048390-28098389
0xbac36de2da66ff9a1c99e2693e23b43be96f870c,28064440,28048390-28098389
0xff88768dde21dffd69c1aceafbdf0d6134bb2060,28064890,28048390-28098389
0x83b874c1e09d316059d929da402dcb1a98e92082,28065225,28048390-28098389
0xb8dfc637f13a27d980d5b1317c9bb7755acb3e6a,28065225,28048390-28098389
0x939d65c9b31b7d3de6bc93a473829a9268706dfd,28065385,28048390-28098389
0x73107d5ecccf6f698223e589d2fb3472041eb40a,28065445,28048390-28098389
0x4e68b6ae775962b60e153beca671d16e60cb2ee7,28065535,28048390-28098389
0x2066debfac7d7f6d20f512be919df6cedca9654c,28066510,28048390-28098389
0x2b265b6d826e8d538c3721a1b364073cb3f75234,28067040,28048390-28098389
0x412f6fa9d37960d85b29cf2f96c1772a488d4de7,28067040,28048390-28098389
0x739df3eae179d323d2a2947c56dae1530f8bc61d,28067040,28048390-28098389
0xb7553b14e05c2eff8e2ebab2b1100f1f09c5207d,28067040,28048390-28098389
0xf8cbf618bc8ff4bf78beb744ba33380c362227db,28067040,28048390-28098389
0xca56f9cb50c680067ab9dc665ca584cd5773674b,28067225,28048390-28098389
0x3d21a0726f62cbb96cd79f4eac2acff7791ea6c2,28067945,32047390-32097389
0xa877f9333626c31dc8afeff55e6e0d3eb2bfc121,28068675,28048390-28098389
0x74e4fd2c31d306e6613f00e0b0e472beee2449fa,28068780,28048390-28098389
0x417b4adc279743fc49f047c323fc668db9e600d8,28068930,28048390-28098389
0xdb9f47800ba9cdd9f99815bc02dd0aa47abffe88,28068930,28048390-28098389
0x8bc920001949589258557412a32f8d297a74f244,28069085,28048390-28098389
0xf5097de4ece1a5f927b7a863446618163050d95c,28069085,28048390-28098389
0x53cc75c17b925861d54de993d34e3707c7079c1f,28069135,28048390-28098389
0xf7a68bcfa1f27c05dbfab4089dadbe63956bbf50,28069350,28048390-28098389
0x57e769746ffc39f1f6b8da6cb39bb87dbd66e9af,28069355,28048390-28098389
0x79f7c6c6dc16ed3154e85a8ef9c1ef31cefaeb19,28069355,28048390-28098389
0xc96ae5098f0e403fb92e951670dbc367460d41a3,28069630,28048390-28098389
0x8bb8cc3715e48b1f33f9d2cd5861d9866f9c16e6,28069855,28048390-28098389
0x1e4a5963abfd975d8c9021ce480b42188849d41d,31050465,31048390-31098389
0x522ea58a06842817a18b1fc6e2311c3c24094181,31050465,31048390-31098389
0x61f4ecd130291e5d5d7809a112f9f9081b8ed3a5,31050790,31048390-31098389
0xee5f1096950ee296df87fe83c6726521d8c8259f,31050790,31048390-31098389
0xffccfbb3fddc04cb28c87f3595b4b464b909ac21,31051930,31048390-31098389
0x292a296fb447eb0c7a4fc2f879d2090c2082c015,31052090,31048390-31098389
0x4d4e856ae4e991bb8d5061a03f6388d3d48e59e9,31052090,31048390-31098389
0xbc9a641a9707fa0a6c1a3a380671f541a18f464a,31052535,31048390-31098389
0x1ad95f9cc90d7b03134c9cef55c4eaacf9a82a44,31052810,31048390-31098389
0x83ecfb358becdeafc0a55280161e3072c9922dc3,31052810,31048390-31098389
0x059858cfdb4b8d47e632990e65c90cd5ff35ea1f,31053540,31048390-31098389
0x543e46b90cb6e6cfcdbc7a9fe456b4fd1d595bed,31053540,31048390-31098389
0x530e773aec9577a4db0e4f2869d2ca881bba6fdb,31053650,31048390-31098389
0x99ecf1ccb9b71af28947aaa66f9211d8128c52c6,31054635,31048390-31098389
0xe09aa9c00c2c303814a35aec6f51fc7a4638b943,31054635,31048390-31098389
0xa7fd99748ce527eadc0bdac60cba8a4ef4090f7c,31055420,31048390-31098389
0xe7832f2a98b67e58a05fd4a7f3db48aac865c3f1,31055420,31048390-31098389
0x7959ebc9b52b7f0cd61a8a605fc69f42f2cb6da5,31057345,32047390-32097389
0xaf4a8048b2a2ce1757e221c9af0b8dc2426ca625,31057775,32047390-32097389
0x8c48afc5570be1f73b094461e3e31719321ece60,31058230,32047390-32097389
0x75feba0b7763ec26c2ba72a65ccb8ebb0dceb8c0,31064100,31048390-31098389
0xb3872e5f5b80390613c1332dc3db871c296bf20b,31066035,31048390-31098389
0x31323909d0026e368d8bf3c68a1caafe8a9d4b09,31066175,31048390-31098389
0xf7faff5c982ce9049bd13f3a82fe2aa429ed45df,31066175,31048390-31098389
0xa23afd16a08194647cb371e6d5a36763eea91786,31070120,31048390-31098389
0x6b78c9d678e9352bf189fd590a844f96cfaafda2,31070140,31048390-31098389
0x4cf89f51e090d6dcddbbbe5a458a01e9061823c5,32048170,32047390-32097389
0x645a1900d06ec40e85339e01f7d51c7ae2dbed2e,32048170,32047390-32097389
0x842291cfbef554ff48197316136df9bea63eaac6,32048275,32047390-32097389
0x18d7c61826cdadc62bdfcef401d0cd5c69f3e945,32048360,32047390-32097389
0xdae5696f7165fb71b72896d64fced54c481625f5,32049015,32047390-32097389
0xeed7a561433de809779a95e08d56d5bce5323434,32049435,32047390-32097389
0x67d0809ada627ab5bd623640332a2f370b2c906f,32049720,32047390-32097389
0x137f8fe28cf380918a03f4254b437660caa1352c,32050760,32047390-32097389
0x34d2ac4e10a1232947e55267d48972b437dc78d8,32052420,32047390-32097389
0xbd4734584862d13c303296355df23d9f4b5cf5bb,32052605,32047390-32097389
0xf5f3b8faf45023fd92c0c88fedf73fb0529fc1cd,32052605,32047390-32097389
0x7d4238e3b2dda63a10c49b26a82f4a4ba76d6f76,32052825,32047390-32097389
0x2a3dd3eb832af982ec71669e178424b10dca2ede,32054095,32047390-32097389
0xc59ddc2d744c9e7a00f59712121ad9f561f0e669,32054095,32047390-32097389
0xc00fc2ec5099db4850e4035d1537f757d1744485,32055080,32047390-32097389
0x15dd590aedb68577c74ed23413876be45071c74a,32056470,32047390-32097389
0x4458d1894bc15754caf3cdad66bfdf41794b618a,32056470,32047390-32097389
0x60c688801fd64a9e8d6341b6adf22d27c489d7e9,32060190,32047390-32097389
0xdd26257a65a8e0ea550af84bcaac48d227dd056f,32060190,32047390-32097389
0x0743fbc8a18752d281263882162a6616f2edc154,32060210,32047390-32097389
0x2cdcf29b7b2d5406ca2959df1e36c65e96aea094,32060210,32047390-32097389
0xd99ac0681b904991169a4f398b9043781adbe0c3,32066340,32047390-32097389
0x368cb4212abd097f35efcd34e291b6ee1d60e622,32067520,32047390-32097389
0xae8315438f04b20ab05e68acfb9298843a63c45d,32068795,32047390-32097389
0xefd52a9e454feb9ad8edca588c7a9703d67cdff7,32069725,32047390-32097389
