N,U_over_B,actual_moves,actual_n,actual_passes,algorithm,checkpoint_validation_io_s,coloring_s,compact_extractor,converged,depth_active_queries,distribution,exit_code,extraction_forest_stats_s,height,host,id,imports_s,key_generation_s,key_mode,key_sha256,label,last_completed_checkpoint_only,loads,lower_bound,m,max_bucket,measured_total_s,memory_scope,n,passes,peak_rss_bytes,pid,platform,process_worker_s,python,repeat,rss_bytes,seed,shared_prefix_bits,source,status,subprocess_wall_s,timeout_limit_s,valid
1998,16.125,1,1000,1,ab-sorted,0.013415000052191317,0.0931043999735266,compressed branching extraction; legacy node/order validated in selfcheck,False,128,comb,0,0.009359800023958087,128,Highlights,comb_n1000_h128_ab-sorted_p1_s20260910_r1,0.5778343999991193,0.0006213999586179852,,824bbc179b90423229cd2686b6908b2526418029103915aa6c24f12284977658,,,"[3, 4, 6, 10, 18, 34, 66, 126, 220, 221, 116, 36, 6, 258, 224, 130, 128, 64, 50, 32, 16, 8, 8, 4, 4, 2, 2, 2, 2, 2, 2, 2, 2, 2, 2, 2, 2, 2, 2, 2, 2, 2, 2, 2, 2, 2, 2, 2, 2, 2, 2, 2, 2, 2, 2, 2, 2, 2, 2, 2, 2, 2, 2, 2, 2, 2, 2, 2, 2, 2, 2, 2, 2, 2, 2, 2, 2, 2, 2, 2, 2, 2, 2, 2, 2, 2, 2, 2, 2, 2, 2, 2, 2, 2, 2, 2, 2, 2, 2, 2, 2, 2, 2, 2, 2, 2, 2, 2, 2, 2, 2, 2, 2, 2, 2, 2, 2, 2, 2, 2, 2, 2, 2, 2, 2, 2, 2, 2]",16,128,258,0.2401825999841094,process RSS/peak working set including interpreter and imports; tracemalloc excludes imports when enabled,1000,1,75640832,48804,Windows-11-10.0.26200-SP0,0.8180189999984577,3.14.2,1,75640832,20260910,,,complete,1.0786226999480277,120.0,True
1998,2.1875,20,1000,20,ab-sorted,0.06408600031863898,2.083027199609205,compressed branching extraction; legacy node/order validated in selfcheck,False,128,comb,0,0.007457299972884357,128,Highlights,comb_n1000_h128_ab-sorted_p20_s20260910_r1,0.5927991999778897,0.00035740004386752844,,824bbc179b90423229cd2686b6908b2526418029103915aa6c24f12284977658,,,"[7, 19, 16, 29, 20, 16, 14, 10, 17, 25, 8, 10, 22, 23, 16, 10, 10, 8, 8, 22, 7, 27, 8, 19, 30, 11, 34, 32, 14, 18, 10, 10, 7, 18, 11, 16, 19, 10, 16, 14, 20, 10, 19, 7, 27, 9, 21, 30, 19, 16, 10, 8, 8, 18, 18, 9, 34, 7, 20, 14, 10, 10, 8, 10, 20, 7, 22, 16, 7, 10, 6, 6, 35, 20, 30, 18, 34, 32, 18, 18, 10, 6, 8, 14, 21, 11, 24, 16, 10, 10, 17, 6, 20, 12, 32, 26, 18, 18, 10, 8, 6, 12, 15, 32, 24, 22, 18, 10, 10, 6, 8, 11, 30, 18, 14, 10, 6, 6, 6, 12, 8, 7, 32, 22, 18, 18, 10, 8]",16,128,35,2.2743398000020534,process RSS/peak working set including interpreter and imports; tracemalloc excludes imports when enabled,1000,20,124649472,42552,Windows-11-10.0.26200-SP0,2.8671408999944106,3.14.2,1,124649472,20260910,,,complete,3.2228745999746025,120.0,True
1998,29.875,0,1000,0,first-fit,0.004442400066182017,0.003644899930804968,compressed branching extraction; legacy node/order validated in selfcheck,False,128,comb,0,0.005856000003404915,128,Highlights,comb_n1000_h128_first-fit_p0_s20260910_r1,0.6017155000008643,0.00031050003599375486,,824bbc179b90423229cd2686b6908b2526418029103915aa6c24f12284977658,,,"[2, 4, 8, 16, 32, 64, 128, 252, 442, 478, 244, 84, 12, 4, 2, 2, 2, 2, 2, 2, 2, 2, 2, 2, 2, 2, 2, 2, 2, 2, 2, 2, 2, 2, 2, 2, 2, 2, 2, 2, 2, 2, 2, 2, 2, 2, 2, 2, 2, 2, 2, 2, 2, 2, 2, 2, 2, 2, 2, 2, 2, 2, 2, 2, 2, 2, 2, 2, 2, 2, 2, 2, 2, 2, 2, 2, 2, 2, 2, 2, 2, 2, 2, 2, 2, 2, 2, 2, 2, 2, 2, 2, 2, 2, 2, 2, 2, 2, 2, 2, 2, 2, 2, 2, 2, 2, 2, 2, 2, 2, 2, 2, 2, 2, 2, 2, 2, 2, 2, 2, 2, 2, 2, 2, 2, 2, 2, 2]",16,128,478,0.12243049999233335,process RSS/peak working set including interpreter and imports; tracemalloc excludes imports when enabled,1000,0,74403840,10216,Windows-11-10.0.26200-SP0,0.7241481000091881,3.14.2,1,73416704,20260910,,,complete,1.1001315999310464,120.0,True
254,1.25,5,128,5,ab-hungarian,0.017848799820058048,0.14934880018699914,compressed branching extraction; legacy node/order validated in selfcheck,False,16,comb,0,0.0005706999218091369,16,Highlights,comb_n128_h16_ab-hungarian_p5_s20260910_r1,0.5857775999465957,3.9100064896047115e-05,,37a6036377cf780afa5ecc3b03392fd4f499294998093dfd147fd54f71efeab3,,,"[12, 15, 18, 17, 15, 15, 15, 16, 15, 16, 16, 14, 18, 14, 18, 20]",16,16,20,0.2707048000302166,process RSS/peak working set including interpreter and imports; tracemalloc excludes imports when enabled,128,5,72671232,47268,Windows-11-10.0.26200-SP0,0.8564834999851882,3.14.2,1,72204288,20260910,,,complete,1.1163101999554783,120.0,True
254,1.1875,5,128,5,ab-sorted,0.028038399992510676,0.01742499996908009,compressed branching extraction; legacy node/order validated in selfcheck,False,16,comb,0,0.0011656000278890133,16,Highlights,comb_n128_h16_ab-sorted_p5_s20260910_r1,0.6447310999501497,0.0001669999910518527,,37a6036377cf780afa5ecc3b03392fd4f499294998093dfd147fd54f71efeab3,,,"[16, 13, 19, 16, 16, 17, 15, 15, 16, 19, 18, 15, 15, 14, 16, 14]",16,16,19,0.14641909999772906,process RSS/peak working set including interpreter and imports; tracemalloc excludes imports when enabled,128,5,73195520,30104,Windows-11-10.0.26200-SP0,0.7911523999646306,3.14.2,1,72581120,20260910,,,complete,1.1201640999643132,120.0,True
254,4.625,0,128,0,first-fit,0.0044414999429136515,0.00047940004151314497,compressed branching extraction; legacy node/order validated in selfcheck,False,16,comb,0,0.0019551999866962433,16,Highlights,comb_n128_h16_first-fit_p0_s20260910_r1,0.6501540000317618,9.059999138116837e-05,,37a6036377cf780afa5ecc3b03392fd4f499294998093dfd147fd54f71efeab3,,,"[2, 4, 8, 16, 32, 58, 74, 32, 14, 2, 2, 2, 2, 2, 2, 2]",16,16,74,0.12186319997999817,process RSS/peak working set including interpreter and imports; tracemalloc excludes imports when enabled,128,0,73011200,48276,Windows-11-10.0.26200-SP0,0.7720196000300348,3.14.2,1,72019968,20260910,,,complete,1.0534605000866577,120.0,True
254,1.0625,2,128,2,hybrid,0.009811299969442189,0.02883680013474077,compressed branching extraction; legacy node/order validated in selfcheck,False,16,comb,0,0.0013097000773996115,16,Highlights,comb_n128_h16_hybrid_p2_s20260910_r1,0.5504718000302091,6.989995017647743e-05,,37a6036377cf780afa5ecc3b03392fd4f499294998093dfd147fd54f71efeab3,,,"[17, 14, 17, 17, 17, 17, 17, 17, 17, 16, 10, 17, 16, 17, 12, 16]",16,16,17,0.13552470004651695,process RSS/peak working set including interpreter and imports; tracemalloc excludes imports when enabled,128,2,72806400,33076,Windows-11-10.0.26200-SP0,0.685998999979347,3.14.2,1,72753152,20260910,,,complete,0.9889523000456393,120.0,True
198,1.0454545454545454,4,100,5,ab-hungarian,0.019359600148163736,0.028237999882549047,compressed branching extraction; legacy node/order validated in selfcheck,True,11,real,0,0.0005212000105530024,128,Highlights,fuel_n100_h128_ab-hungarian_p20_s20260910_r1,0.5954514000331983,0.001171999960206449,hex-prefix,ff6d3ac7613e517adf6dbc2501bfb8bcb9bd078740db0e95e7fadea5c48fa1dc,fuel,,"[23, 22, 22, 21, 22, 22, 22, 22, 22]",22,9,23,0.15015029988717288,process RSS/peak working set including interpreter and imports; tracemalloc excludes imports when enabled,100,20,73064448,44176,Windows-11-10.0.26200-SP0,0.7456030999310315,3.14.2,1,72462336,20260910,,datasets/fuel_smt_test_workload.csv,complete,1.0204247999936342,120.0,True
198,1.0454545454545454,5,100,6,ab-sorted,0.018929699901491404,0.007202700129710138,compressed branching extraction; legacy node/order validated in selfcheck,True,11,real,0,0.0009988999227061868,128,Highlights,fuel_n100_h128_ab-sorted_p20_s20260910_r1,0.6581932000117376,0.0020863000536337495,hex-prefix,ff6d3ac7613e517adf6dbc2501bfb8bcb9bd078740db0e95e7fadea5c48fa1dc,fuel,,"[22, 23, 22, 22, 22, 22, 22, 21, 22]",22,9,23,0.14642740006092936,process RSS/peak working set including interpreter and imports; tracemalloc excludes imports when enabled,100,20,73326592,47152,Windows-11-10.0.26200-SP0,0.8046222000848502,3.14.2,1,72720384,20260910,,datasets/fuel_smt_test_workload.csv,complete,1.102139199967496,120.0,True
198,2.6363636363636362,0,100,0,first-fit,0.0023787999525666237,0.00028000003658235073,compressed branching extraction; legacy node/order validated in selfcheck,False,11,real,0,0.0010963000822812319,128,Highlights,fuel_n100_h128_first-fit_p0_s20260910_r1,0.45934020006097853,0.0016060000052675605,hex-prefix,ff6d3ac7613e517adf6dbc2501bfb8bcb9bd078740db0e95e7fadea5c48fa1dc,fuel,,"[2, 4, 8, 16, 32, 56, 58, 20, 2]",22,9,58,0.08802860009018332,process RSS/peak working set including interpreter and imports; tracemalloc excludes imports when enabled,100,0,72851456,47836,Windows-11-10.0.26200-SP0,0.5473704000469297,3.14.2,1,71860224,20260910,,datasets/fuel_smt_test_workload.csv,complete,0.8170017999364063,120.0,True
198,1.1818181818181819,0,100,1,hybrid,0.006792099913582206,0.0149747000541538,compressed branching extraction; legacy node/order validated in selfcheck,True,11,real,0,0.0011018000077456236,128,Highlights,fuel_n100_h128_hybrid_p20_s20260910_r1,0.5168904999736696,0.002144400030374527,hex-prefix,ff6d3ac7613e517adf6dbc2501bfb8bcb9bd078740db0e95e7fadea5c48fa1dc,fuel,,"[12, 26, 21, 15, 26, 26, 24, 22, 26]",22,9,26,0.12345169996842742,process RSS/peak working set including interpreter and imports; tracemalloc excludes imports when enabled,100,20,73162752,11964,Windows-11-10.0.26200-SP0,0.6403437999542803,3.14.2,1,72941568,20260910,,datasets/fuel_smt_test_workload.csv,complete,0.9277424999745563,120.0,True
14078,1.0,20,7040,20,ab-hungarian,0.12887489970307797,11.305887200287543,compressed branching extraction; legacy node/order validated in selfcheck,False,26,real,0,0.0419666999951005,128,Highlights,polygon-broad_n7040_h128_ab-hungarian_p20_s20260910_r1,0.7318990998901427,0.028244400047697127,sha256,9dd38bdbd3a68953dd784ce44303c24f062b85f0cf624d224aa97b7dddc259b2,polygon-broad,,"[828, 827, 828, 828, 828, 828, 827, 828, 828, 828, 828, 829, 829, 829, 828, 829, 828]",829,17,829,11.635387600050308,process RSS/peak working set including interpreter and imports; tracemalloc excludes imports when enabled,7040,20,149868544,46600,Windows-11-10.0.26200-SP0,12.367289299960248,3.14.2,1,125775872,20260910,,datasets/polygon_zkevm_account_leaf_workload_broad_multiwindow.csv,complete,12.827096000080928,120.0,True
14078,1.0,20,7040,20,ab-sorted,0.14833859947975725,2.5652404006104916,compressed branching extraction; legacy node/order validated in selfcheck,False,26,real,0,0.05692220001947135,128,Highlights,polygon-broad_n7040_h128_ab-sorted_p20_s20260910_r1,0.5456972999963909,0.02581250004004687,sha256,9dd38bdbd3a68953dd784ce44303c24f062b85f0cf624d224aa97b7dddc259b2,polygon-broad,,"[828, 828, 828, 827, 828, 828, 828, 828, 829, 828, 828, 828, 828, 828, 829, 829, 828]",829,17,829,2.905880300095305,process RSS/peak working set including interpreter and imports; tracemalloc excludes imports when enabled,7040,20,149983232,36132,Windows-11-10.0.26200-SP0,3.4515797999920323,3.14.2,1,123424768,20260910,,datasets/polygon_zkevm_account_leaf_workload_broad_multiwindow.csv,complete,3.919665399938822,120.0,True
14078,4.636911942098914,0,7040,0,first-fit,0.008875199942849576,0.016202400089241564,compressed branching extraction; legacy node/order validated in selfcheck,False,26,real,0,0.06831690005492419,128,Highlights,polygon-broad_n7040_h128_first-fit_p0_s20260910_r1,0.6619383000070229,0.030409500002861023,sha256,9dd38bdbd3a68953dd784ce44303c24f062b85f0cf624d224aa97b7dddc259b2,polygon-broad,,"[2, 4, 8, 16, 32, 64, 128, 256, 512, 1024, 2028, 3530, 3844, 2040, 518, 68, 4]",829,17,3844,0.22015660000033677,process RSS/peak working set including interpreter and imports; tracemalloc excludes imports when enabled,7040,0,81498112,48368,Windows-11-10.0.26200-SP0,0.8820969999069348,3.14.2,1,80506880,20260910,,datasets/polygon_zkevm_account_leaf_workload_broad_multiwindow.csv,complete,1.262476300005801,120.0,True
14078,1.1206272617611581,20,7040,20,hybrid,0.16454470017924905,4.664847699808888,compressed branching extraction; legacy node/order validated in selfcheck,False,26,real,0,0.05088979995343834,128,Highlights,polygon-broad_n7040_h128_hybrid_p20_s20260910_r1,0.6132976999506354,0.02783909998834133,sha256,9dd38bdbd3a68953dd784ce44303c24f062b85f0cf624d224aa97b7dddc259b2,polygon-broad,,"[830, 879, 837, 929, 929, 799, 833, 928, 929, 848, 492, 828, 928, 491, 832, 838, 928]",829,17,929,5.031541100004688,process RSS/peak working set including interpreter and imports; tracemalloc excludes imports when enabled,7040,20,81145856,34424,Windows-11-10.0.26200-SP0,5.64484129997436,3.14.2,1,80596992,20260910,,datasets/polygon_zkevm_account_leaf_workload_broad_multiwindow.csv,complete,6.001279499963857,120.0,True
2694,1.0,11,1348,12,ab-hungarian,0.04962380009237677,1.1705494999187067,compressed branching extraction; legacy node/order validated in selfcheck,True,19,real,0,0.010698099969886243,128,Highlights,polygon-multi_n1348_h128_ab-hungarian_p20_s20260910_r1,0.5644503999501467,0.007277099997736514,sha256,c33d1a0f7e05af3818e603ddc1ffa68a811bf0b6a6105d7c9d9fc072601f0f28,polygon-multi,,"[193, 192, 193, 193, 193, 192, 192, 193, 192, 192, 192, 192, 192, 193]",193,14,193,1.345498999929987,process RSS/peak working set including interpreter and imports; tracemalloc excludes imports when enabled,1348,20,83566592,46000,Windows-11-10.0.26200-SP0,1.909951699897647,3.14.2,1,83566592,20260910,,datasets/polygon_zkevm_account_leaf_workload_multiwindow.csv,complete,2.205463199992664,120.0,True
2694,1.0,10,1348,11,ab-sorted,0.058480899897404015,0.27210330008529127,compressed branching extraction; legacy node/order validated in selfcheck,True,19,real,0,0.010425799991935492,128,Highlights,polygon-multi_n1348_h128_ab-sorted_p20_s20260910_r1,0.5366040000226349,0.00733689998742193,sha256,c33d1a0f7e05af3818e603ddc1ffa68a811bf0b6a6105d7c9d9fc072601f0f28,polygon-multi,,"[192, 192, 192, 192, 193, 192, 192, 192, 193, 193, 192, 193, 193, 193]",193,14,193,0.457193800015375,process RSS/peak working set including interpreter and imports; tracemalloc excludes imports when enabled,1348,20,82481152,49120,Windows-11-10.0.26200-SP0,0.9938002000562847,3.14.2,1,82481152,20260910,,datasets/polygon_zkevm_account_leaf_workload_multiwindow.csv,complete,1.3415506000164896,120.0,True
2694,4.0,0,1348,0,first-fit,0.004348699934780598,0.0029076001374050975,compressed branching extraction; legacy node/order validated in selfcheck,False,19,real,0,0.007629800005815923,128,Highlights,polygon-multi_n1348_h128_first-fit_p0_s20260910_r1,0.6304925000295043,0.005446499912068248,sha256,c33d1a0f7e05af3818e603ddc1ffa68a811bf0b6a6105d7c9d9fc072601f0f28,polygon-multi,,"[2, 4, 8, 16, 32, 64, 128, 256, 490, 772, 614, 246, 56, 6]",193,14,772,0.137856199988164,process RSS/peak working set including interpreter and imports; tracemalloc excludes imports when enabled,1348,0,74723328,9824,Windows-11-10.0.26200-SP0,0.7683517000405118,3.14.2,1,73732096,20260910,,datasets/polygon_zkevm_account_leaf_workload_multiwindow.csv,complete,1.0895747999893501,120.0,True
2694,1.2227979274611398,11,1348,12,hybrid,0.05726560018956661,0.4238124997355044,compressed branching extraction; legacy node/order validated in selfcheck,True,19,real,0,0.010786599945276976,128,Highlights,polygon-multi_n1348_h128_hybrid_p20_s20260910_r1,0.6087416000664234,0.008084100089035928,sha256,c33d1a0f7e05af3818e603ddc1ffa68a811bf0b6a6105d7c9d9fc072601f0f28,polygon-multi,,"[114, 115, 236, 114, 236, 202, 193, 190, 195, 193, 236, 221, 236, 213]",193,14,236,0.614148800028488,process RSS/peak working set including interpreter and imports; tracemalloc excludes imports when enabled,1348,20,74379264,40432,Windows-11-10.0.26200-SP0,1.2228921999922022,3.14.2,1,74063872,20260910,,datasets/polygon_zkevm_account_leaf_workload_multiwindow.csv,complete,1.4717926000012085,120.0,True
766,1.0,8,384,9,ab-hungarian,0.038068599882535636,0.2168314001755789,compressed branching extraction; legacy node/order validated in selfcheck,True,16,real,0,0.0029094000346958637,128,Highlights,polygon-recent_n384_h128_ab-hungarian_p20_s20260910_r1,0.6198675000341609,0.0023769999388605356,sha256,508240103f3bd420403d79004683b35c555550b51158e2acce8e2c99b5a7b413,polygon-recent,,"[69, 69, 69, 70, 70, 69, 70, 70, 70, 70, 70]",70,11,70,0.384353099972941,process RSS/peak working set including interpreter and imports; tracemalloc excludes imports when enabled,384,20,73453568,10564,Windows-11-10.0.26200-SP0,1.0042229000246152,3.14.2,1,73453568,20260910,,datasets/polygon_zkevm_account_leaf_workload.csv,complete,1.3197737999726087,120.0,True
766,1.0,10,384,11,ab-sorted,0.03919089992996305,0.057164100115187466,compressed branching extraction; legacy node/order validated in selfcheck,True,16,real,0,0.0016914999578148127,128,Highlights,polygon-recent_n384_h128_ab-sorted_p20_s20260910_r1,0.6593824999872595,0.0018578999442979693,sha256,508240103f3bd420403d79004683b35c555550b51158e2acce8e2c99b5a7b413,polygon-recent,,"[70, 70, 69, 70, 69, 70, 69, 70, 69, 70, 70]",70,11,70,0.2092862999998033,process RSS/peak working set including interpreter and imports; tracemalloc excludes imports when enabled,384,20,73998336,38664,Windows-11-10.0.26200-SP0,0.8686706000007689,3.14.2,1,73998336,20260910,,datasets/polygon_zkevm_account_leaf_workload.csv,complete,1.1915476999711245,120.0,True
766,3.0,0,384,0,first-fit,0.003890999942086637,0.0009008001070469618,compressed branching extraction; legacy node/order validated in selfcheck,False,16,real,0,0.002665800042450428,128,Highlights,polygon-recent_n384_h128_first-fit_p0_s20260910_r1,0.6910379000473768,0.002884899964556098,sha256,508240103f3bd420403d79004683b35c555550b51158e2acce8e2c99b5a7b413,polygon-recent,,"[2, 4, 8, 16, 32, 64, 126, 210, 196, 92, 16]",70,11,210,0.12953959999140352,process RSS/peak working set including interpreter and imports; tracemalloc excludes imports when enabled,384,0,73355264,24312,Windows-11-10.0.26200-SP0,0.8205793000524864,3.14.2,1,72364032,20260910,,datasets/polygon_zkevm_account_leaf_workload.csv,complete,1.115754499915056,120.0,True
766,1.1857142857142857,0,384,1,hybrid,0.013820699881762266,0.03024560015182942,compressed branching extraction; legacy node/order validated in selfcheck,True,16,real,0,0.003230600035749376,128,Highlights,polygon-recent_n384_h128_hybrid_p20_s20260910_r1,0.5936079999664798,0.0030559999868273735,sha256,508240103f3bd420403d79004683b35c555550b51158e2acce8e2c99b5a7b413,polygon-recent,,"[75, 78, 83, 69, 83, 66, 70, 27, 83, 82, 50]",70,11,83,0.1688659000210464,process RSS/peak working set including interpreter and imports; tracemalloc excludes imports when enabled,384,20,73084928,48360,Windows-11-10.0.26200-SP0,0.7624760000035167,3.14.2,1,73084928,20260910,,datasets/polygon_zkevm_account_leaf_workload.csv,complete,1.0692310000304133,120.0,True
19998,2.417162276975361,1,10000,1,ab-sorted,0.023589799995534122,0.20748340000864118,compressed branching extraction; legacy node/order validated in selfcheck,False,27,prefix-cluster,0,0.10574159992393106,128,Highlights,prefix-cluster_n10000_h128_ab-sorted_p1_s20260910_r1,0.5786221999442205,0.0038569000316783786,,5d7b22b7846a648f44b026e01a4839434857f74fef4a0e847e9222c131f79b5b,,,"[2845, 2248, 1988, 916, 528, 288, 212, 256, 288, 528, 1032, 1976, 2741, 2100, 822, 200, 1030]",1177,17,2845,0.4696153999539092,process RSS/peak working set including interpreter and imports; tracemalloc excludes imports when enabled,10000,1,89083904,9436,Windows-11-10.0.26200-SP0,1.048239199910313,3.14.2,1,89083904,20260910,24,,complete,1.4048948000418022,120.0,True
19998,1.0016992353440952,20,10000,20,ab-sorted,0.16989250003825873,3.3054614999564365,compressed branching extraction; legacy node/order validated in selfcheck,False,27,prefix-cluster,0,0.07156880002003163,128,Highlights,prefix-cluster_n10000_h128_ab-sorted_p20_s20260910_r1,0.5622628999408334,0.003383800038136542,,5d7b22b7846a648f44b026e01a4839434857f74fef4a0e847e9222c131f79b5b,,,"[1179, 1173, 1178, 1177, 1178, 1177, 1178, 1178, 1177, 1176, 1171, 1177, 1173, 1179, 1174, 1176, 1177]",1177,17,1179,3.670272500021383,process RSS/peak working set including interpreter and imports; tracemalloc excludes imports when enabled,10000,20,158019584,11124,Windows-11-10.0.26200-SP0,4.232536899973638,3.14.2,1,139288576,20260910,24,,complete,4.7137725999346,120.0,True
19998,4.744265080713679,0,10000,0,first-fit,0.011750200064852834,0.02245970000512898,compressed branching extraction; legacy node/order validated in selfcheck,False,27,prefix-cluster,0,0.07739120000042021,128,Highlights,prefix-cluster_n10000_h128_first-fit_p0_s20260910_r1,0.47893119999207556,0.002744099940173328,,5d7b22b7846a648f44b026e01a4839434857f74fef4a0e847e9222c131f79b5b,,,"[2, 4, 8, 16, 32, 64, 128, 256, 512, 1024, 2048, 3956, 5584, 4344, 1718, 284, 18]",1177,17,5584,0.23326060001272708,process RSS/peak working set including interpreter and imports; tracemalloc excludes imports when enabled,10000,0,85368832,8932,Windows-11-10.0.26200-SP0,0.7121933999005705,3.14.2,1,84377600,20260910,24,,complete,1.0623082000529394,120.0,True
254,1.0,5,128,5,ab-hungarian,0.021572899888269603,0.039184900117106736,compressed branching extraction; legacy node/order validated in selfcheck,False,9,prefix-cluster,0,0.0011768999975174665,16,Highlights,prefix-cluster_n128_h16_ab-hungarian_p5_s20260910_r1,0.5338278999552131,7.219996768981218e-05,,d0086048bc656f9f2a7b2763835188d8fb5f5cc89bff9d831c812c2f3611637a,,,"[28, 28, 28, 29, 28, 29, 27, 29, 28]",29,9,29,0.16375429998151958,process RSS/peak working set including interpreter and imports; tracemalloc excludes imports when enabled,128,5,73224192,12096,Windows-11-10.0.26200-SP0,0.6975843999534845,3.14.2,1,72585216,20260910,7,,complete,0.9620291000464931,120.0,True
254,1.0,5,128,5,ab-sorted,0.021174099994823337,0.007587800035253167,compressed branching extraction; legacy node/order validated in selfcheck,False,9,prefix-cluster,0,0.0015098999720066786,16,Highlights,prefix-cluster_n128_h16_ab-sorted_p5_s20260910_r1,0.6311608999967575,0.00034829997457563877,,d0086048bc656f9f2a7b2763835188d8fb5f5cc89bff9d831c812c2f3611637a,,,"[28, 28, 27, 28, 29, 28, 29, 29, 28]",29,9,29,0.1476247999817133,process RSS/peak working set including interpreter and imports; tracemalloc excludes imports when enabled,128,5,72896512,48136,Windows-11-10.0.26200-SP0,0.7787887000013143,3.14.2,1,72306688,20260910,7,,complete,1.096332700108178,120.0,True
254,2.7586206896551726,0,128,0,first-fit,0.0046570999547839165,0.000521700014360249,compressed branching extraction; legacy node/order validated in selfcheck,False,9,prefix-cluster,0,0.0017670999513939023,16,Highlights,prefix-cluster_n128_h16_first-fit_p0_s20260910_r1,0.5998061000136659,7.930002175271511e-05,,d0086048bc656f9f2a7b2763835188d8fb5f5cc89bff9d831c812c2f3611637a,,,"[2, 4, 8, 16, 32, 62, 80, 38, 12]",29,9,80,0.12035909993574023,process RSS/peak working set including interpreter and imports; tracemalloc excludes imports when enabled,128,0,73134080,38128,Windows-11-10.0.26200-SP0,0.7201672999653965,3.14.2,1,72142848,20260910,7,,complete,1.027051700046286,120.0,True
254,1.2758620689655173,2,128,2,hybrid,0.011374900001101196,0.014431899995543063,compressed branching extraction; legacy node/order validated in selfcheck,False,9,prefix-cluster,0,0.000694700051099062,16,Highlights,prefix-cluster_n128_h16_hybrid_p2_s20260910_r1,0.6319783999351785,4.5900000259280205e-05,,d0086048bc656f9f2a7b2763835188d8fb5f5cc89bff9d831c812c2f3611637a,,,"[23, 23, 18, 37, 37, 32, 37, 25, 22]",29,9,37,0.13677179999649525,process RSS/peak working set including interpreter and imports; tracemalloc excludes imports when enabled,128,2,72888320,46976,Windows-11-10.0.26200-SP0,0.768751599942334,3.14.2,1,72859648,20260910,7,,complete,1.0799062999431044,120.0,True
510,1.109375,5,256,5,ab-hungarian,0.021129900007508695,0.02937709994148463,compressed branching extraction; legacy node/order validated in selfcheck,False,8,saturated,0,0.001920799957588315,16,Highlights,saturated_n256_h16_ab-hungarian_p5_s20260910_r1,0.6444102000677958,2.6900088414549828e-05,,2a6fbc34dee6537ff0f147dece5e93e7dce8957b5dc930541233887ee76313cf,,,"[67, 64, 56, 68, 60, 71, 57, 67]",64,8,71,0.16972450003959239,process RSS/peak working set including interpreter and imports; tracemalloc excludes imports when enabled,256,5,73097216,5504,Windows-11-10.0.26200-SP0,0.8141372000100091,3.14.2,1,72577024,20260910,,,complete,1.1588506000116467,120.0,True
510,1.109375,5,256,5,ab-sorted,0.02726589993108064,0.016233900096267462,compressed branching extraction; legacy node/order validated in selfcheck,False,8,saturated,0,0.0031549999257549644,16,Highlights,saturated_n256_h16_ab-sorted_p5_s20260910_r1,0.6222071000374854,3.0099996365606785e-05,,2a6fbc34dee6537ff0f147dece5e93e7dce8957b5dc930541233887ee76313cf,,,"[67, 64, 60, 68, 56, 71, 57, 67]",64,8,71,0.16289209993556142,process RSS/peak working set including interpreter and imports; tracemalloc excludes imports when enabled,256,5,73408512,41460,Windows-11-10.0.26200-SP0,0.7851015999913216,3.14.2,1,72802304,20260910,,,complete,1.0582448999630287,120.0,True
510,4.0,0,256,0,first-fit,0.004099900019355118,0.0007348000071942806,compressed branching extraction; legacy node/order validated in selfcheck,False,8,saturated,0,0.001865199999883771,16,Highlights,saturated_n256_h16_first-fit_p0_s20260910_r1,0.6905683999648318,2.789997961372137e-05,,2a6fbc34dee6537ff0f147dece5e93e7dce8957b5dc930541233887ee76313cf,,,"[2, 4, 8, 16, 32, 64, 128, 256]",64,8,256,0.12732700002379715,process RSS/peak working set including interpreter and imports; tracemalloc excludes imports when enabled,256,0,72970240,25340,Windows-11-10.0.26200-SP0,0.8178984000114724,3.14.2,1,71979008,20260910,,,complete,1.1590132999699563,120.0,True
510,4.0,0,256,1,hybrid,0.007108099991455674,0.013169400044716895,compressed branching extraction; legacy node/order validated in selfcheck,True,8,saturated,0,0.0011684000492095947,16,Highlights,saturated_n256_h16_hybrid_p2_s20260910_r1,0.6127922999439761,1.9000028260052204e-05,,2a6fbc34dee6537ff0f147dece5e93e7dce8957b5dc930541233887ee76313cf,,,"[45, 45, 40, 36, 44, 256, 2, 42]",64,8,256,0.11568639997858554,process RSS/peak working set including interpreter and imports; tracemalloc excludes imports when enabled,256,2,73060352,42400,Windows-11-10.0.26200-SP0,0.7284805999370292,3.14.2,1,72966144,20260910,,,complete,1.0309486000332981,120.0,True
131070,4.0001220703125,1,65536,1,ab-sorted,0.12893439992330968,0.85767900000792,compressed branching extraction; legacy node/order validated in selfcheck,False,16,saturated,0,0.5390941000077873,16,Highlights,saturated_n65536_h16_ab-sorted_p1_s20260910_r1,0.5975517999613658,0.0011259999591857195,,281f79f89f0121c31db2bea5d7151db246349b25f5901c114505c18bfaa50ba1,,,"[32769, 16386, 8196, 4104, 2064, 1056, 576, 384, 384, 576, 1056, 2064, 4104, 8196, 16386, 32769]",8192,16,32769,1.6476985999615863,process RSS/peak working set including interpreter and imports; tracemalloc excludes imports when enabled,65536,1,174940160,24652,Windows-11-10.0.26200-SP0,2.245251699932851,3.14.2,1,174940160,20260910,,,complete,2.884941100026481,120.0,True
131070,1.010009765625,20,65536,20,ab-sorted,1.0266828002640978,14.031901199719869,compressed branching extraction; legacy node/order validated in selfcheck,False,16,saturated,0,0.401438600034453,16,Highlights,saturated_n65536_h16_ab-sorted_p20_s20260910_r1,0.47939850005786866,0.0010676999809220433,,281f79f89f0121c31db2bea5d7151db246349b25f5901c114505c18bfaa50ba1,,,"[8274, 8268, 8270, 8269, 7907, 8221, 8265, 8250, 8239, 7888, 8274, 8270, 8192, 8210, 8245, 8028]",8192,16,8274,15.540263999952003,process RSS/peak working set including interpreter and imports; tracemalloc excludes imports when enabled,65536,20,496861184,46140,Windows-11-10.0.26200-SP0,16.01966500002891,3.14.2,1,455819264,20260910,,,complete,17.28509799996391,120.0,True
131070,8.0,0,65536,0,first-fit,0.08711850002873689,0.11087460000999272,compressed branching extraction; legacy node/order validated in selfcheck,False,16,saturated,0,0.5518334000371397,16,Highlights,saturated_n65536_h16_first-fit_p0_s20260910_r1,0.6168989000143483,0.0018746000714600086,,281f79f89f0121c31db2bea5d7151db246349b25f5901c114505c18bfaa50ba1,,,"[2, 4, 8, 16, 32, 64, 128, 256, 512, 1024, 2048, 4096, 8192, 16384, 32768, 65536]",8192,16,65536,0.8861810000380501,process RSS/peak working set including interpreter and imports; tracemalloc excludes imports when enabled,65536,0,143171584,19084,Windows-11-10.0.26200-SP0,1.5030826000729576,3.14.2,1,137072640,20260910,,,complete,2.145203800057061,120.0,True
199998,2.919150808491915,1,100000,1,ab-hungarian,0.2475521001033485,10.567382599809207,compressed branching extraction; legacy node/order validated in selfcheck,False,32,uniform,0,1.1119299000129104,128,Highlights,uniform_n100000_h128_ab-hungarian_p1_s20260910_r1,0.5930572000797838,0.052670200006105006,,7f3df9a9467dbdd52eb199beceece86a1d751fd5a4ab1b0ba8b0f25617fdc60f,,,"[26525, 16150, 12260, 4104, 2682, 2080, 1088, 640, 552, 640, 1088, 2080, 4106, 8200, 16118, 26538, 25759, 12288, 2628, 514, 8200, 25758]",9091,22,26538,12.15329019993078,process RSS/peak working set including interpreter and imports; tracemalloc excludes imports when enabled,100000,1,246345728,48604,Windows-11-10.0.26200-SP0,12.746348900021985,3.14.2,1,246345728,20260910,,,complete,13.655099399969913,120.0,True
199998,1.1668683313166868,10,100000,10,ab-hungarian,,114.9430050997762,compressed branching extraction; legacy node/order validated in selfcheck,False,32,uniform,,1.1704963999800384,128,Highlights,uniform_n100000_h128_ab-hungarian_p20_s20260910_r1,0.662121000001207,0.05795709998346865,,7f3df9a9467dbdd52eb199beceece86a1d751fd5a4ab1b0ba8b0f25617fdc60f,,True,"[9905, 10548, 8676, 9559, 9908, 7702, 8094, 8050, 10608, 7870, 10294, 8416, 9804, 8436, 9280, 9897, 9480, 8944, 8224, 7879, 8828, 9596]",9091,22,10608,,process RSS/peak working set including interpreter and imports; tracemalloc excludes imports when enabled,100000,20,686821376,24324,Windows-11-10.0.26200-SP0,,3.14.2,1,500707328,20260910,,,timeout,120.05983189994004,120.0,True
199998,2.919150808491915,1,100000,1,ab-sorted,0.18432040000334382,1.615279300021939,compressed branching extraction; legacy node/order validated in selfcheck,False,32,uniform,0,0.8096840999787673,128,Highlights,uniform_n100000_h128_ab-sorted_p1_s20260910_r1,0.401821699924767,0.03662110003642738,,7f3df9a9467dbdd52eb199beceece86a1d751fd5a4ab1b0ba8b0f25617fdc60f,,,"[26525, 25758, 12260, 8200, 2682, 2080, 1088, 640, 552, 640, 1088, 2080, 4106, 8200, 16118, 26538, 25759, 12288, 2628, 514, 4104, 16150]",9091,22,26538,2.750294500030577,process RSS/peak working set including interpreter and imports; tracemalloc excludes imports when enabled,100000,1,246054912,40920,Windows-11-10.0.26200-SP0,3.1521173999644816,3.14.2,1,246054912,20260910,,,complete,3.9562064999481663,120.0,True
199998,1.003849961500385,20,100000,20,ab-sorted,1.9140843999339268,43.31577830016613,compressed branching extraction; legacy node/order validated in selfcheck,False,32,uniform,0,1.1366292000748217,128,Highlights,uniform_n100000_h128_ab-sorted_p20_s20260910_r1,0.634619600023143,0.04429399990476668,,7f3df9a9467dbdd52eb199beceece86a1d751fd5a4ab1b0ba8b0f25617fdc60f,,,"[9113, 9126, 9108, 8942, 9126, 9118, 9120, 9106, 9109, 9106, 9121, 9119, 9117, 9109, 9009, 8904, 9119, 9120, 9121, 9077, 9123, 9085]",9091,22,9126,46.58213130000513,process RSS/peak working set including interpreter and imports; tracemalloc excludes imports when enabled,100000,20,799821824,37724,Windows-11-10.0.26200-SP0,47.216752300038934,3.14.2,1,694460416,20260910,,,complete,48.55519790004473,120.0,True
199998,5.836761632383676,0,100000,0,first-fit,0.15340429998468608,0.15305870003066957,compressed branching extraction; legacy node/order validated in selfcheck,False,32,uniform,0,1.0956140999915078,128,Highlights,uniform_n100000_h128_first-fit_p0_s20260910_r1,0.615784400026314,0.06562809995375574,,7f3df9a9467dbdd52eb199beceece86a1d751fd5a4ab1b0ba8b0f25617fdc60f,,,"[2, 4, 8, 16, 32, 64, 128, 256, 512, 1024, 2048, 4096, 8192, 16384, 32264, 53062, 51514, 24540, 5278, 554, 18, 2]",9091,22,53062,1.6218014999758452,process RSS/peak working set including interpreter and imports; tracemalloc excludes imports when enabled,100000,0,189763584,42932,Windows-11-10.0.26200-SP0,2.2375877000158653,3.14.2,1,173498368,20260910,,,complete,2.9656012000050396,120.0,True
199998,1.2592674073259267,0,100000,0,hybrid,0.1436824999982491,3.7647928999504074,compressed branching extraction; legacy node/order validated in selfcheck,False,32,uniform,0,1.2528967999387532,128,Highlights,uniform_n100000_h128_hybrid_p0_s20260910_r1,0.6655596999917179,0.07379549997858703,,7f3df9a9467dbdd52eb199beceece86a1d751fd5a4ab1b0ba8b0f25617fdc60f,,,"[9342, 9920, 11448, 8205, 11448, 5038, 5035, 9139, 7758, 11448, 11448, 8205, 11447, 9843, 8340, 9425, 10984, 11447, 4379, 9216, 5036, 11447]",9091,22,11448,5.391657599946484,process RSS/peak working set including interpreter and imports; tracemalloc excludes imports when enabled,100000,0,189042688,46068,Windows-11-10.0.26200-SP0,6.057219299953431,3.14.2,1,173084672,20260910,,,complete,6.9166704000672325,120.0,True
19998,2.5517551755175516,1,10000,1,ab-hungarian,0.017020000028423965,1.005448899930343,compressed branching extraction; legacy node/order validated in selfcheck,False,26,uniform,0,0.09682090010028332,128,Highlights,uniform_n10000_h128_ab-hungarian_p1_s20260910_r1,0.6199013999430463,0.0041807000525295734,,757277ef46edabe2168ceb6d56c8ce9db8faf1e710b1b0f12248bac7a9908a0b,,,"[2835, 2304, 1028, 888, 528, 190, 192, 192, 272, 526, 1028, 1938, 2754, 2139, 770, 182, 276, 1956]",1111,18,2835,1.243073599995114,process RSS/peak working set including interpreter and imports; tracemalloc excludes imports when enabled,10000,1,88952832,36196,Windows-11-10.0.26200-SP0,1.8629766999511048,3.14.2,1,88952832,20260910,,,complete,2.133902700035833,120.0,True
19998,1.0009000900090008,20,10000,20,ab-hungarian,0.1617230997653678,20.15303100028541,compressed branching extraction; legacy node/order validated in selfcheck,False,26,uniform,0,0.054273499990813434,128,Highlights,uniform_n10000_h128_ab-hungarian_p20_s20260910_r1,0.384872299968265,0.003284799982793629,,757277ef46edabe2168ceb6d56c8ce9db8faf1e710b1b0f12248bac7a9908a0b,,,"[1111, 1112, 1110, 1111, 1111, 1111, 1111, 1111, 1111, 1111, 1111, 1111, 1111, 1111, 1111, 1111, 1111, 1111]",1111,18,1112,20.450163399917074,process RSS/peak working set including interpreter and imports; tracemalloc excludes imports when enabled,10000,20,156966912,30532,Windows-11-10.0.26200-SP0,20.835036899894476,3.14.2,1,139055104,20260910,,,complete,21.28451660007704,120.0,True
19998,2.5517551755175516,1,10000,1,ab-sorted,0.019751599989831448,0.13034749997314066,compressed branching extraction; legacy node/order validated in selfcheck,False,26,uniform,0,0.08208660001400858,128,Highlights,uniform_n10000_h128_ab-sorted_p1_s20260910_r1,0.5300934999249876,0.003922900068573654,,757277ef46edabe2168ceb6d56c8ce9db8faf1e710b1b0f12248bac7a9908a0b,,,"[2835, 2304, 1028, 888, 528, 190, 192, 192, 272, 526, 1028, 1938, 2754, 2139, 770, 182, 276, 1956]",1111,18,2835,0.32333170005586,process RSS/peak working set including interpreter and imports; tracemalloc excludes imports when enabled,10000,1,88743936,44996,Windows-11-10.0.26200-SP0,0.8534265999915078,3.14.2,1,88743936,20260910,,,complete,1.1494074000511318,120.0,True
19998,1.0009000900090008,20,10000,20,ab-sorted,0.17970529990270734,3.5011757999891415,compressed branching extraction; legacy node/order validated in selfcheck,False,26,uniform,0,0.08294789993669838,128,Highlights,uniform_n10000_h128_ab-sorted_p20_s20260910_r1,0.6454577000113204,0.00488650007173419,,757277ef46edabe2168ceb6d56c8ce9db8faf1e710b1b0f12248bac7a9908a0b,,,"[1102, 1111, 1110, 1111, 1112, 1111, 1112, 1112, 1112, 1111, 1112, 1112, 1112, 1112, 1112, 1112, 1111, 1111]",1111,18,1112,3.8821264000143856,process RSS/peak working set including interpreter and imports; tracemalloc excludes imports when enabled,10000,20,157192192,2524,Windows-11-10.0.26200-SP0,4.527585699921474,3.14.2,1,138485760,20260910,,,complete,5.030994500033557,120.0,True
19998,5.02970297029703,0,10000,0,first-fit,0.013855400029569864,0.023706299951300025,compressed branching extraction; legacy node/order validated in selfcheck,False,26,uniform,0,0.061531499959528446,128,Highlights,uniform_n10000_h128_first-fit_p0_s20260910_r1,0.5588507000356913,0.0052429999923333526,,757277ef46edabe2168ceb6d56c8ce9db8faf1e710b1b0f12248bac7a9908a0b,,,"[2, 4, 8, 16, 32, 64, 128, 256, 512, 1024, 2048, 3890, 5588, 4440, 1642, 308, 34, 2]",1111,18,5588,0.1979989999672398,process RSS/peak working set including interpreter and imports; tracemalloc excludes imports when enabled,10000,0,85090304,45156,Windows-11-10.0.26200-SP0,0.7568531000288203,3.14.2,1,84099072,20260910,,,complete,1.1486419999273494,120.0,True
19998,1.2133213321332132,0,10000,0,hybrid,0.010368000017479062,0.3634466999210417,compressed branching extraction; legacy node/order validated in selfcheck,False,26,uniform,0,0.08171619998756796,128,Highlights,uniform_n10000_h128_hybrid_p0_s20260910_r1,0.656441199942492,0.003343599964864552,,757277ef46edabe2168ceb6d56c8ce9db8faf1e710b1b0f12248bac7a9908a0b,,,"[385, 1151, 613, 770, 1015, 1124, 1111, 1348, 1083, 1113, 1115, 1083, 1348, 1348, 1348, 1348, 1348, 1347]",1111,18,1348,0.5664689999539405,process RSS/peak working set including interpreter and imports; tracemalloc excludes imports when enabled,10000,0,85127168,35100,Windows-11-10.0.26200-SP0,1.2229115999070928,3.14.2,1,84340736,20260910,,,complete,1.602494699996896,120.0,True
1998,3.958041958041958,0,1000,0,ab-hungarian,0.004472299944609404,0.003359600086696446,compressed branching extraction; legacy node/order validated in selfcheck,False,20,uniform,0,0.006477299961261451,128,Highlights,uniform_n1000_h128_ab-hungarian_p0_s20260910_r1,0.5969914000015706,0.00023799994960427284,,112122495e6af82c5629e7f7cb6e1a8c5a0bcf8727e1d9d82620027f55e08334,,,"[2, 4, 8, 16, 32, 64, 128, 254, 462, 566, 338, 106, 16, 2]",143,14,566,0.1338969999924302,process RSS/peak working set including interpreter and imports; tracemalloc excludes imports when enabled,1000,0,74321920,47188,Windows-11-10.0.26200-SP0,0.730890000006184,3.14.2,1,73338880,20260910,,,complete,1.0284260000335053,120.0,True
1998,1.0,10,1000,10,ab-hungarian,0.03278499993029982,0.7329460000619292,compressed branching extraction; legacy node/order validated in selfcheck,False,20,uniform,0,0.0076243000803515315,128,Highlights,uniform_n1000_h128_ab-hungarian_p10_s20260910_r1,0.5649281999794766,0.00035939994268119335,,112122495e6af82c5629e7f7cb6e1a8c5a0bcf8727e1d9d82620027f55e08334,,,"[143, 143, 143, 142, 142, 143, 143, 143, 143, 143, 142, 143, 143, 142]",143,14,143,0.8810265000211075,process RSS/peak working set including interpreter and imports; tracemalloc excludes imports when enabled,1000,10,79597568,44764,Windows-11-10.0.26200-SP0,1.445957100018859,3.14.2,1,79597568,20260910,,,complete,1.7617778000421822,120.0,True
1998,2.0,1,1000,1,ab-hungarian,0.008445600047707558,0.1128042999189347,compressed branching extraction; legacy node/order validated in selfcheck,False,20,uniform,0,0.00743030000012368,128,Highlights,uniform_n1000_h128_ab-hungarian_p1_s20260910_r1,0.5931431000353768,0.00038679991848766804,,112122495e6af82c5629e7f7cb6e1a8c5a0bcf8727e1d9d82620027f55e08334,,,"[231, 178, 68, 68, 48, 48, 72, 130, 234, 281, 164, 58, 132, 286]",143,14,286,0.22852769994642586,process RSS/peak working set including interpreter and imports; tracemalloc excludes imports when enabled,1000,1,74387456,39564,Windows-11-10.0.26200-SP0,0.8216727999970317,3.14.2,1,73928704,20260910,,,complete,1.1289310000138357,120.0,True
1998,1.0,10,1000,11,ab-hungarian,0.0481740003451705,0.9614084996283054,compressed branching extraction; legacy node/order validated in selfcheck,True,20,uniform,0,0.009975300054065883,128,Highlights,uniform_n1000_h128_ab-hungarian_p20_s20260910_r1,0.5902329999953508,0.0003969001118093729,,112122495e6af82c5629e7f7cb6e1a8c5a0bcf8727e1d9d82620027f55e08334,,,"[143, 143, 143, 142, 142, 143, 143, 143, 143, 143, 142, 143, 143, 142]",143,14,143,1.135006200056523,process RSS/peak working set including interpreter and imports; tracemalloc excludes imports when enabled,1000,20,80601088,43804,Windows-11-10.0.26200-SP0,1.7252413999522105,3.14.2,1,80601088,20260910,,,complete,2.010788399958983,120.0,True
1998,1.965034965034965,2,1000,2,ab-hungarian,0.01087489991914481,0.16385930008254945,compressed branching extraction; legacy node/order validated in selfcheck,False,20,uniform,0,0.005131900077685714,128,Highlights,uniform_n1000_h128_ab-hungarian_p2_s20260910_r1,0.6489447000203654,0.00029280001763254404,,112122495e6af82c5629e7f7cb6e1a8c5a0bcf8727e1d9d82620027f55e08334,,,"[127, 100, 122, 146, 176, 104, 84, 132, 233, 281, 165, 84, 100, 144]",143,14,281,0.2886132999556139,process RSS/peak working set including interpreter and imports; tracemalloc excludes imports when enabled,1000,2,74559488,48172,Windows-11-10.0.26200-SP0,0.9375594999874011,3.14.2,1,74559488,20260910,,,complete,1.2467219999525696,120.0,True
1998,1.06993006993007,5,1000,5,ab-hungarian,0.02058209991082549,0.40833180013578385,compressed branching extraction; legacy node/order validated in selfcheck,False,20,uniform,0,0.006172000081278384,128,Highlights,uniform_n1000_h128_ab-hungarian_p5_s20260910_r1,0.6096537000266835,0.00028309994377195835,,112122495e6af82c5629e7f7cb6e1a8c5a0bcf8727e1d9d82620027f55e08334,,,"[135, 134, 146, 148, 134, 142, 153, 149, 123, 146, 149, 149, 140, 150]",143,14,153,0.5438031000085175,process RSS/peak working set including interpreter and imports; tracemalloc excludes imports when enabled,1000,5,76541952,972,Windows-11-10.0.26200-SP0,1.1534580000443384,3.14.2,1,76541952,20260910,,,complete,1.4368248000973836,120.0,True
1998,3.958041958041958,0,1000,0,ab-sorted,0.004790400038473308,0.003235999960452318,compressed branching extraction; legacy node/order validated in selfcheck,False,20,uniform,0,0.0066850000293925405,128,Highlights,uniform_n1000_h128_ab-sorted_p0_s20260910_r1,0.48541079997085035,0.00023769994731992483,,112122495e6af82c5629e7f7cb6e1a8c5a0bcf8727e1d9d82620027f55e08334,,,"[2, 4, 8, 16, 32, 64, 128, 254, 462, 566, 338, 106, 16, 2]",143,14,566,0.11278990004211664,process RSS/peak working set including interpreter and imports; tracemalloc excludes imports when enabled,1000,0,74330112,32616,Windows-11-10.0.26200-SP0,0.5982025000266731,3.14.2,1,73338880,20260910,,,complete,0.8820890000788495,120.0,True
1998,1.006993006993007,10,1000,10,ab-sorted,0.03950119996443391,0.15667000005487353,compressed branching extraction; legacy node/order validated in selfcheck,False,20,uniform,0,0.01001269998960197,128,Highlights,uniform_n1000_h128_ab-sorted_p10_s20260910_r1,0.6217093999730423,0.00047229998745024204,,112122495e6af82c5629e7f7cb6e1a8c5a0bcf8727e1d9d82620027f55e08334,,,"[143, 144, 143, 143, 143, 142, 142, 143, 142, 142, 142, 143, 143, 143]",143,14,144,0.3230220000259578,process RSS/peak working set including interpreter and imports; tracemalloc excludes imports when enabled,1000,10,79802368,39852,Windows-11-10.0.26200-SP0,0.944733600015752,3.14.2,1,79802368,20260910,,,complete,1.205927199916914,120.0,True
1998,2.0,1,1000,1,ab-sorted,0.009379700059071183,0.02669689990580082,compressed branching extraction; legacy node/order validated in selfcheck,False,20,uniform,0,0.00735920004080981,128,Highlights,uniform_n1000_h128_ab-sorted_p1_s20260910_r1,0.5795431999722496,0.0003934999695047736,,112122495e6af82c5629e7f7cb6e1a8c5a0bcf8727e1d9d82620027f55e08334,,,"[231, 178, 132, 68, 48, 48, 72, 130, 234, 281, 164, 58, 68, 286]",143,14,286,0.1707484999205917,process RSS/peak working set including interpreter and imports; tracemalloc excludes imports when enabled,1000,1,74596352,43464,Windows-11-10.0.26200-SP0,0.7502936999080703,3.14.2,1,73949184,20260910,,,complete,1.0743220000294968,120.0,True
1998,1.0,11,1000,12,ab-sorted,0.04764929984230548,0.20420950010884553,compressed branching extraction; legacy node/order validated in selfcheck,True,20,uniform,0,0.008726399973966181,128,Highlights,uniform_n1000_h128_ab-sorted_p20_s20260910_r1,0.5938573000021279,0.0005425999406725168,,112122495e6af82c5629e7f7cb6e1a8c5a0bcf8727e1d9d82620027f55e08334,,,"[143, 143, 143, 143, 143, 142, 142, 143, 143, 142, 142, 143, 143, 143]",143,14,143,0.37859929993283004,process RSS/peak working set including interpreter and imports; tracemalloc excludes imports when enabled,1000,20,81195008,10508,Windows-11-10.0.26200-SP0,0.9724588999524713,3.14.2,1,81195008,20260910,,,complete,1.2744984000455588,120.0,True
1998,1.965034965034965,2,1000,2,ab-sorted,0.011135199922136962,0.03229410003405064,compressed branching extraction; legacy node/order validated in selfcheck,False,20,uniform,0,0.005441800109110773,128,Highlights,uniform_n1000_h128_ab-sorted_p2_s20260910_r1,0.5162122999317944,0.00032810005359351635,,112122495e6af82c5629e7f7cb6e1a8c5a0bcf8727e1d9d82620027f55e08334,,,"[127, 100, 100, 146, 176, 104, 84, 132, 233, 281, 165, 84, 122, 144]",143,14,281,0.15094069996848702,process RSS/peak working set including interpreter and imports; tracemalloc excludes imports when enabled,1000,2,74596352,43596,Windows-11-10.0.26200-SP0,0.6671547999139875,3.14.2,1,74596352,20260910,,,complete,0.9676833000266925,120.0,True
1998,1.0769230769230769,5,1000,5,ab-sorted,0.022234000149182975,0.08342189993709326,compressed branching extraction; legacy node/order validated in selfcheck,False,20,uniform,0,0.005857300013303757,128,Highlights,uniform_n1000_h128_ab-sorted_p5_s20260910_r1,0.5890361999627203,0.0002902999985963106,,112122495e6af82c5629e7f7cb6e1a8c5a0bcf8727e1d9d82620027f55e08334,,,"[135, 134, 140, 148, 134, 142, 154, 149, 123, 146, 150, 149, 146, 148]",143,14,154,0.2132115000858903,process RSS/peak working set including interpreter and imports; tracemalloc excludes imports when enabled,1000,5,76455936,26388,Windows-11-10.0.26200-SP0,0.8022492999443784,3.14.2,1,76455936,20260910,,,complete,1.123985099955462,120.0,True
1998,3.958041958041958,0,1000,0,first-fit,0.0035506999120116234,0.0014752000570297241,compressed branching extraction; legacy node/order validated in selfcheck,False,20,uniform,0,0.0042258999310433865,128,Highlights,uniform_n1000_h128_first-fit_p0_s20260910_r1,0.370745399966836,0.00020260002929717302,,112122495e6af82c5629e7f7cb6e1a8c5a0bcf8727e1d9d82620027f55e08334,,,"[2, 4, 8, 16, 32, 64, 128, 254, 462, 566, 338, 106, 16, 2]",143,14,566,0.0824379000114277,process RSS/peak working set including interpreter and imports; tracemalloc excludes imports when enabled,1000,0,74088448,32880,Windows-11-10.0.26200-SP0,0.4531845999881625,3.14.2,1,73097216,20260910,,,complete,0.7043273999588564,120.0,True
1998,1.2027972027972027,0,1000,0,hybrid,0.003558899974450469,0.03630120004527271,compressed branching extraction; legacy node/order validated in selfcheck,False,20,uniform,0,0.007909100037068129,128,Highlights,uniform_n1000_h128_hybrid_p0_s20260910_r1,0.682100500096567,0.00041640002746134996,,112122495e6af82c5629e7f7cb6e1a8c5a0bcf8727e1d9d82620027f55e08334,,,"[167, 172, 100, 172, 172, 93, 94, 96, 172, 157, 112, 149, 171, 171]",143,14,172,0.16943190002348274,process RSS/peak working set including interpreter and imports; tracemalloc excludes imports when enabled,1000,0,74383360,44040,Windows-11-10.0.26200-SP0,0.8515342000173405,3.14.2,1,74022912,20260910,,,complete,1.1774649999570101,120.0,True
1998,1.8116883116883118,2,1000,2,ab-sorted,0.009523000102490187,0.025980199920013547,compressed branching extraction; legacy node/order validated in selfcheck,False,16,uniform,0,0.00572650006506592,16,Highlights,uniform_n1000_h16_ab-sorted_p2_s20260910_r1,0.5552072999998927,0.00018609990365803242,,e0db0306fe09434ffffb557f9a3bdb95db15d96f891f0cb8da971ddbc2da74a2,,,"[153, 132, 118, 174, 158, 134, 100, 140, 243, 279, 161, 118, 88]",154,13,279,0.12493139994330704,process RSS/peak working set including interpreter and imports; tracemalloc excludes imports when enabled,1000,2,74547200,45412,Windows-11-10.0.26200-SP0,0.6801401999546215,3.14.2,1,74547200,20260910,,,complete,0.9897557999938726,120.0,True
1998,3.6493506493506493,0,1000,0,first-fit,0.004184400080703199,0.0018279999494552612,compressed branching extraction; legacy node/order validated in selfcheck,False,16,uniform,0,0.007616999908350408,16,Highlights,uniform_n1000_h16_first-fit_p0_s20260910_r1,0.4163365000858903,0.0004094000905752182,,e0db0306fe09434ffffb557f9a3bdb95db15d96f891f0cb8da971ddbc2da74a2,,,"[2, 4, 8, 16, 32, 64, 128, 254, 474, 562, 342, 98, 14]",154,13,562,0.12615840008947998,process RSS/peak working set including interpreter and imports; tracemalloc excludes imports when enabled,1000,0,74530816,10388,Windows-11-10.0.26200-SP0,0.5424977000802755,3.14.2,1,73539584,20260910,,,complete,0.7600720999762416,120.0,True
1998,1.8951048951048952,2,1000,2,ab-sorted,0.018654099898412824,0.039714000071398914,compressed branching extraction; legacy node/order validated in selfcheck,False,21,uniform,0,0.006511100102216005,256,Highlights,uniform_n1000_h256_ab-sorted_p2_s20260910_r1,0.5350126000121236,0.00032320001628249884,,8537b18d07242236f73bb7fccd3e22d0bc09061ec2f8744a3c89a66ae491028b,,,"[271, 241, 132, 96, 114, 188, 104, 84, 126, 139, 76, 152, 90, 185]",143,14,271,0.15792309993412346,process RSS/peak working set including interpreter and imports; tracemalloc excludes imports when enabled,1000,2,74616832,45576,Windows-11-10.0.26200-SP0,0.6929370999569073,3.14.2,1,74616832,20260910,,,complete,0.9668796999612823,120.0,True
1998,3.93006993006993,0,1000,0,first-fit,0.004630999988876283,0.002397300093434751,compressed branching extraction; legacy node/order validated in selfcheck,False,21,uniform,0,0.008181600016541779,256,Highlights,uniform_n1000_h256_first-fit_p0_s20260910_r1,0.6311551999533549,0.0005622999742627144,,8537b18d07242236f73bb7fccd3e22d0bc09061ec2f8744a3c89a66ae491028b,,,"[2, 4, 8, 16, 32, 64, 128, 256, 480, 562, 322, 106, 14, 4]",143,14,562,0.1369318999350071,process RSS/peak working set including interpreter and imports; tracemalloc excludes imports when enabled,1000,0,74432512,48756,Windows-11-10.0.26200-SP0,0.7680891999043524,3.14.2,1,73437184,20260910,,,complete,1.049164600088261,120.0,True
254,1.0,5,128,5,ab-hungarian,0.02122999995481223,0.021994599956087768,compressed branching extraction; legacy node/order validated in selfcheck,False,12,uniform,0,0.0009731999598443508,16,Highlights,uniform_n128_h16_ab-hungarian_p5_s20260910_r1,0.6474160000216216,6.859994027763605e-05,,fbe8740926a81b3a7d99e52a0e71d317c86b5f237bd903b5e4d041019e7ce2c9,,,"[29, 29, 29, 29, 28, 27, 28, 27, 28]",29,9,29,0.14818209991790354,process RSS/peak working set including interpreter and imports; tracemalloc excludes imports when enabled,128,5,72892416,42928,Windows-11-10.0.26200-SP0,0.7956001999555156,3.14.2,1,72314880,20260910,,,complete,1.093418600037694,120.0,True
254,1.0,5,128,5,ab-sorted,0.02984690002631396,0.01252989994827658,compressed branching extraction; legacy node/order validated in selfcheck,False,12,uniform,0,0.000977099989540875,16,Highlights,uniform_n128_h16_ab-sorted_p5_s20260910_r1,0.6497383000096306,4.780001472681761e-05,,fbe8740926a81b3a7d99e52a0e71d317c86b5f237bd903b5e4d041019e7ce2c9,,,"[29, 29, 29, 28, 28, 28, 28, 27, 28]",29,9,29,0.15763989998959005,process RSS/peak working set including interpreter and imports; tracemalloc excludes imports when enabled,128,5,73187328,43824,Windows-11-10.0.26200-SP0,0.8073800000129268,3.14.2,1,72654848,20260910,,,complete,1.1219809000613168,120.0,True
254,2.7586206896551726,0,128,0,first-fit,0.004060399951413274,0.0005295000737532973,compressed branching extraction; legacy node/order validated in selfcheck,False,12,uniform,0,0.0007683000294491649,16,Highlights,uniform_n128_h16_first-fit_p0_s20260910_r1,0.6019649999216199,4.509999416768551e-05,,fbe8740926a81b3a7d99e52a0e71d317c86b5f237bd903b5e4d041019e7ce2c9,,,"[2, 4, 8, 16, 32, 58, 80, 36, 18]",29,9,80,0.18409720005001873,process RSS/peak working set including interpreter and imports; tracemalloc excludes imports when enabled,128,0,73170944,23372,Windows-11-10.0.26200-SP0,0.7860637999838218,3.14.2,1,72175616,20260910,,,complete,1.1529811000218615,120.0,True
254,1.206896551724138,2,128,2,hybrid,0.008192099863663316,0.014596300199627876,compressed branching extraction; legacy node/order validated in selfcheck,False,12,uniform,0,0.000956399948336184,16,Highlights,uniform_n128_h16_hybrid_p2_s20260910_r1,0.5666930000297725,5.889998283237219e-05,,fbe8740926a81b3a7d99e52a0e71d317c86b5f237bd903b5e4d041019e7ce2c9,,,"[30, 26, 18, 35, 35, 25, 35, 23, 27]",29,9,35,0.15065909991972148,process RSS/peak working set including interpreter and imports; tracemalloc excludes imports when enabled,128,2,73158656,31352,Windows-11-10.0.26200-SP0,0.7173538999632001,3.14.2,1,73158656,20260910,,,complete,0.9982794000534341,120.0,True
15478,1.0,18,7740,19,ab-hungarian,0.12204039993230253,10.061628600000404,compressed branching extraction; legacy node/order validated in selfcheck,True,25,real,0,0.08472669997718185,128,Highlights,zksync-broad_n7740_h128_ab-hungarian_p20_s20260910_r1,0.6230369000695646,0.04066389997024089,sha256,7aa20c175b45e3985b34fc2c61bc13095439d2e42310bf72754cc9014dc7cc60,zksync-broad,,"[911, 911, 911, 911, 910, 910, 911, 910, 911, 911, 910, 910, 910, 910, 910, 911, 910]",911,17,911,10.43643689993769,process RSS/peak working set including interpreter and imports; tracemalloc excludes imports when enabled,7740,20,150093824,34892,Windows-11-10.0.26200-SP0,11.05947630002629,3.14.2,1,126976000,20260910,,datasets/zksync_era_account_leaf_workload_broad_sample.csv,complete,11.547520000021905,120.0,True
15478,1.0,16,7740,17,ab-sorted,0.1286951998481527,2.270605300203897,compressed branching extraction; legacy node/order validated in selfcheck,True,25,real,0,0.07687069999519736,128,Highlights,zksync-broad_n7740_h128_ab-sorted_p20_s20260910_r1,0.6101832999847829,0.036353499977849424,sha256,7aa20c175b45e3985b34fc2c61bc13095439d2e42310bf72754cc9014dc7cc60,zksync-broad,,"[911, 910, 911, 910, 911, 910, 911, 910, 911, 911, 910, 910, 911, 910, 910, 910, 911]",911,17,911,2.6415208999533206,process RSS/peak working set including interpreter and imports; tracemalloc excludes imports when enabled,7740,20,150425600,42884,Windows-11-10.0.26200-SP0,3.251705599948764,3.14.2,1,127676416,20260910,,datasets/zksync_era_account_leaf_workload_broad_sample.csv,complete,3.673073200043291,120.0,True
15478,4.70032930845225,0,7740,0,first-fit,0.00800809997599572,0.013321600039489567,compressed branching extraction; legacy node/order validated in selfcheck,False,25,real,0,0.04624219995457679,128,Highlights,zksync-broad_n7740_h128_first-fit_p0_s20260910_r1,0.5705355000682175,0.02178700000513345,sha256,7aa20c175b45e3985b34fc2c61bc13095439d2e42310bf72754cc9014dc7cc60,zksync-broad,,"[2, 4, 8, 16, 32, 64, 128, 256, 512, 1024, 2044, 3668, 4282, 2558, 790, 88, 2]",911,17,4282,0.19780169997829944,process RSS/peak working set including interpreter and imports; tracemalloc excludes imports when enabled,7740,0,82690048,24900,Windows-11-10.0.26200-SP0,0.7683389000594616,3.14.2,1,81698816,20260910,,datasets/zksync_era_account_leaf_workload_broad_sample.csv,complete,1.0978302999865264,120.0,True
15478,1.2755214050493964,1,7740,2,hybrid,0.03252850007265806,0.744371599983424,compressed branching extraction; legacy node/order validated in selfcheck,True,25,real,0,0.07607430010102689,128,Highlights,zksync-broad_n7740_h128_hybrid_p20_s20260910_r1,0.6659942000405863,0.03704630001448095,sha256,7aa20c175b45e3985b34fc2c61bc13095439d2e42310bf72754cc9014dc7cc60,zksync-broad,,"[1162, 1162, 828, 1162, 905, 828, 526, 1162, 452, 1090, 950, 1021, 859, 523, 1162, 524, 1162]",911,17,1162,1.02925999998115,process RSS/peak working set including interpreter and imports; tracemalloc excludes imports when enabled,7740,20,82206720,32268,Windows-11-10.0.26200-SP0,1.6952563000377268,3.14.2,1,81494016,20260910,,datasets/zksync_era_account_leaf_workload_broad_sample.csv,complete,2.048476400086656,120.0,True
1910,1.0,12,956,13,ab-hungarian,0.056679199915379286,0.9346252001123503,compressed branching extraction; legacy node/order validated in selfcheck,True,19,real,0,0.006136999931186438,128,Highlights,zksync-sample_n956_h128_ab-hungarian_p20_s20260910_r1,0.5862072999589145,0.003995700040832162,sha256,b861e52d57622630a3f8b0ef541966769bc918a4c4a51467a9c84b804a57fc8b,zksync-sample,,"[147, 147, 147, 147, 147, 146, 147, 147, 147, 147, 147, 147, 147]",147,13,147,1.1296693000476807,process RSS/peak working set including interpreter and imports; tracemalloc excludes imports when enabled,956,20,77099008,10156,Windows-11-10.0.26200-SP0,1.7158788000233471,3.14.2,1,77099008,20260910,,datasets/zksync_era_account_leaf_workload_sample.csv,complete,2.048225999926217,120.0,True
1910,1.0,12,956,13,ab-sorted,0.049929099972359836,0.16411949996836483,compressed branching extraction; legacy node/order validated in selfcheck,True,19,real,0,0.004139099968597293,128,Highlights,zksync-sample_n956_h128_ab-sorted_p20_s20260910_r1,0.6441436000168324,0.0029079000232741237,sha256,b861e52d57622630a3f8b0ef541966769bc918a4c4a51467a9c84b804a57fc8b,zksync-sample,,"[147, 147, 147, 147, 147, 147, 147, 147, 147, 147, 146, 147, 147]",147,13,147,0.329565400024876,process RSS/peak working set including interpreter and imports; tracemalloc excludes imports when enabled,956,20,77000704,46908,Windows-11-10.0.26200-SP0,0.9737103000516072,3.14.2,1,77000704,20260910,,datasets/zksync_era_account_leaf_workload_sample.csv,complete,1.2558064999757335,120.0,True
1910,3.7823129251700682,0,956,0,first-fit,0.003001100034452975,0.0013645000290125608,compressed branching extraction; legacy node/order validated in selfcheck,False,19,real,0,0.00644329993519932,128,Highlights,zksync-sample_n956_h128_first-fit_p0_s20260910_r1,0.6989634000929072,0.005547200096771121,sha256,b861e52d57622630a3f8b0ef541966769bc918a4c4a51467a9c84b804a57fc8b,zksync-sample,,"[2, 4, 8, 16, 32, 64, 128, 256, 468, 556, 302, 70, 4]",147,13,556,0.1084521000739187,process RSS/peak working set including interpreter and imports; tracemalloc excludes imports when enabled,956,0,74067968,44156,Windows-11-10.0.26200-SP0,0.8074180000694469,3.14.2,1,73076736,20260910,,datasets/zksync_era_account_leaf_workload_sample.csv,complete,1.1351813999935985,120.0,True
1910,1.2244897959183674,20,956,20,hybrid,0.08372059988323599,0.40626290009822696,compressed branching extraction; legacy node/order validated in selfcheck,False,19,real,0,0.0075258000288158655,128,Highlights,zksync-sample_n956_h128_hybrid_p20_s20260910_r1,0.6154012000188231,0.005965800024569035,sha256,b861e52d57622630a3f8b0ef541966769bc918a4c4a51467a9c84b804a57fc8b,zksync-sample,,"[150, 180, 180, 161, 147, 180, 95, 95, 157, 180, 97, 165, 123]",147,13,180,0.6175659000873566,process RSS/peak working set including interpreter and imports; tracemalloc excludes imports when enabled,956,20,74506240,44764,Windows-11-10.0.26200-SP0,1.2329693000065163,3.14.2,1,74211328,20260910,,datasets/zksync_era_account_leaf_workload_sample.csv,complete,1.5509400999872014,120.0,True
