dataset,height,method,repeat,sample_index,target_slot,query_ms,answer_ms,decode_ms,backend_wall_ms,routing_ms,proof_assembly_verify_ms,processing_ms,online_bytes,valid_root
Fuel vectors,128,nonempty_depth,2,0,0x702a137706cb2ef04842c238c2b37fed,6.741839999999995,0.029824,0.25287999999999994,7.046983,0.025593000000156962,0.0895700000000943,7.162146000000251,6016,True
Fuel vectors,128,nonempty_depth,2,1,0x21548c66b44347d877e7b405a250121c,5.515849000000002,0.027788000000000004,0.251289,5.816646,0.008074000000135584,0.0458499999993478,5.870569999999484,6016,True
Fuel vectors,128,nonempty_depth,2,2,0xf8de494d620f85b1cfed002bb1ea4fbf,6.137403000000002,0.06062699999999997,0.2504619999999999,6.468262,0.006644999999139145,0.04380800000092222,6.5187150000000615,6016,True
Fuel vectors,128,nonempty_depth,2,3,0xacdcbc039caf8f6b1cbc24d2f87a0378,6.9600859999999996,0.031598,0.5395050000000001,7.557712,0.0059619999994708905,0.04324300000035919,7.6069169999998305,6016,True
Fuel vectors,128,nonempty_depth,2,4,0xe882dd6a247f4ada1f700f1918bd23b7,5.217013999999998,0.03855,0.24009000000000008,5.514665,0.005387999998163195,0.04367200000032767,5.563724999998491,6016,True
Fuel vectors,128,nonempty_depth,2,5,0xeb23c65a4244616063b70d7502b960e5,6.042171999999999,0.024432,0.23367700000000002,6.322734,0.004684000000310107,0.04257799999862755,6.369995999998937,6016,True
Fuel vectors,128,nonempty_depth,2,6,0x3e3c2420f5066a5fa6e36735ed8cc4f,6.480367000000001,0.027969999999999995,0.29331799999999986,6.82386,0.005759000000438164,0.04229399999999828,6.871913000000436,6016,True
Fuel vectors,128,nonempty_depth,2,7,0x221f8af2372a95064f2ef7d7712216a9,5.251044999999999,0.027263000000000006,0.25369800000000003,5.554091,0.0050159999993582005,0.04232400000248049,5.601431000001838,6016,True
Fuel vectors,128,nonempty_depth,2,8,0xca3076acbb6ec2b695ebf174caa57ef3,6.764421999999997,0.03126999999999999,0.41218600000000005,7.231394,0.006672000001373135,0.04378499999901919,7.281851000000392,6016,True
Fuel vectors,128,nonempty_depth,2,9,0x800b108f968347f00ac77eb6511893e1,6.864758000000001,0.030619000000000004,0.24928100000000003,7.169383,0.006022000000882599,0.04328099999995061,7.218686000000833,6016,True
Fuel vectors,128,nonempty_depth,2,10,0xa62d0f80072eafa5d94b92a01043d97,5.862646999999999,0.049295,0.2422460000000001,6.189142,0.005247000000707658,0.04560600000047543,6.2399950000011835,6016,True
Fuel vectors,128,nonempty_depth,2,11,0x88185d128d9922e0e6bcd32b07b6c7f2,7.530741999999999,0.09261500000000004,0.246124,7.895181,0.004580999998893276,0.04979800000270984,7.949560000001603,6016,True
Fuel vectors,128,nonempty_depth,2,12,0xb9098fe78517adc23218f8cd7d804f55,6.472553,0.029219000000000002,0.245563,6.768313,0.0048019999994153295,0.048597999999344665,6.82171299999876,6016,True
Fuel vectors,128,nonempty_depth,2,13,0x683babc0c420c80a762490d4d73b2718,6.298506000000001,0.024405000000000003,0.24311100000000002,6.588037,0.004488999998386589,0.04429100000180597,6.6368170000001925,6016,True
Fuel vectors,128,nonempty_depth,2,14,0x9246be1e9ba9f5de5baf766a256eb725,6.457096,0.025526,0.224684,6.728845,0.004363999998702184,0.04461600000027488,6.777824999998977,6016,True
Fuel vectors,128,nonempty_depth,2,15,0x32fc4a6ccd676bae363546309128ef7c,7.806013999999999,0.03596600000000001,0.25214999999999993,8.11729,0.005018999999606422,0.04387399999927766,8.166182999998885,6016,True
Fuel vectors,128,nonempty_depth,2,16,0x3a88c8867b3fbcfeefc3270af46afbe,6.623508,0.028745000000000003,0.2718710000000001,6.946697,0.006384999998942931,0.0438850000001878,6.996966999999131,6016,True
Fuel vectors,128,nonempty_depth,2,17,0x59310b9b2c75881cf3edca5da5a755ed,6.644923,0.08835299999999999,0.344093,7.102725,0.004449999998712428,0.043436000002117225,7.15061100000083,6016,True
Fuel vectors,128,nonempty_depth,2,18,0xa40fb80ad4287819ecda5efac01c74c7,6.281909,0.028521000000000005,0.24020499999999995,6.57259,0.00456499999756943,0.0969779999984155,6.674132999995985,6016,True
Fuel vectors,128,nonempty_depth,2,19,0x1fc244af2b96d0169a177e2559af29e0,6.451702,0.023766000000000002,0.246604,6.742634,0.005020999999771902,0.045789000001406066,6.793444000001178,6016,True
Fuel vectors,128,nonempty_depth,2,20,0xc1a9fae908008d34f389b1dba2a1a8e8,6.331821999999997,0.028884999999999997,0.23776400000000006,6.620268,0.004064000002301782,0.043805000000674,6.668137000002976,6016,True
Fuel vectors,128,nonempty_depth,2,21,0xd21caa7d0c6f1ff692603abec4315c5,7.396395000000001,0.028784999999999995,0.23223999999999995,7.679398,0.004057999998252626,0.04310000000273817,7.726556000000991,6016,True
Fuel vectors,128,nonempty_depth,2,22,0x79a881f99a636d0ad75f16f53668982b,8.122665000000001,0.030431999999999987,0.258308,8.476303,0.005011999999027239,0.044105000000627115,8.525419999999654,6016,True
Fuel vectors,128,nonempty_depth,2,23,0x17eb70034b5b71092521d184c5e7b069,5.883735000000001,0.033097,0.28116500000000005,6.220342,0.004363999998702184,0.042921999998668525,6.26762799999737,6016,True
Fuel vectors,128,nonempty_depth,2,24,0x719b774d7d3b2ebd5e2ce1cde4f59a2e,6.843822000000003,0.06260299999999999,0.27206899999999995,7.206454,0.0059619999994708905,0.04481400000244662,7.257230000001917,6016,True
Fuel vectors,128,nonempty_depth,2,25,0xaf0ff5439963767457709e63313da233,7.352373999999998,0.024554000000000013,0.2878799999999999,7.689237,0.004606000000961785,0.04237799999984304,7.736221000000805,6016,True
Fuel vectors,128,nonempty_depth,2,26,0xb40711a88c7039756fb8a73827eabe2c,6.372402000000001,0.044656,0.253853,6.699612,0.0041859999981852525,0.04335599999905071,6.747153999997236,6016,True
Fuel vectors,128,nonempty_depth,2,27,0x90a21fd1ef7b2ead7bf8b13df631f94d,6.060895999999999,0.057542,0.250253,6.391572,0.005032999997212073,0.04312299999753577,6.439727999994748,6016,True
Fuel vectors,128,nonempty_depth,2,28,0xb253668f6b59f1ff28522831931e4d3c,6.403643000000001,0.027805999999999997,0.25658400000000003,6.711671,0.0037709999993751353,0.04282200000105263,6.758264000000428,6016,True
Fuel vectors,128,nonempty_depth,2,29,0xb16a7efa6c4b528ecbe9db04df4d2bb4,5.704034,0.030162999999999995,0.282973,6.03986,0.00435399999787478,0.04332199999979025,6.087535999997665,6016,True
Fuel vectors,128,nonempty_depth,2,30,0xad286c64373644140ff927b256b84154,6.014117000000002,0.05985999999999998,0.3080289999999998,6.404891,0.004136000001153661,0.04305299999884937,6.452080000000003,6016,True
Fuel vectors,128,nonempty_depth,2,31,0xe696a8ec6b7f294aa56059125664931f,6.362882999999999,0.025805,0.261403,6.669094,0.0048100000000772525,0.04317699999845104,6.717080999998529,6016,True
Fuel vectors,128,nonempty_depth,2,32,0x8e00d1c0c8ffe94540e534e256d4589b,5.167197,0.024837000000000005,0.27162600000000015,5.483275,0.005929000000293172,0.043158000000431684,5.532362000000725,6016,True
Fuel vectors,128,nonempty_depth,2,33,0x14236fe421fe9ddb8377a19b60ce71dd,7.15771,0.03855200000000001,0.28402099999999997,7.529816,0.004404000002011799,0.057606999998682795,7.591827000000695,6016,True
Fuel vectors,128,nonempty_depth,2,34,0xdaceee899cdb68711b2b16b1708d684b,6.131947999999999,0.026378999999999996,0.2602030000000001,6.440787,0.003933999998650961,0.04366399999966575,6.488384999998317,6016,True
Fuel vectors,128,nonempty_depth,2,35,0xc1c3c8fdf22e3a4adef796c8fdaf739d,5.43766,0.022590999999999997,0.25819400000000003,5.739303,0.003940999999230144,0.04310899999993012,5.78635299999916,6016,True
Fuel vectors,128,nonempty_depth,2,36,0xc8d26116ed30f9816a05fdf061b25351,6.6743109999999986,0.027247000000000004,0.30038599999999993,7.024412,0.004530000001778944,0.04500599999701649,7.073947999998795,6016,True
Fuel vectors,128,nonempty_depth,2,37,0x46cecbeaa7de6866910a4856ef1f7378,5.714604999999999,0.028803999999999993,0.250683,6.016737,0.005271999999223453,0.04356100000180163,6.065570000001025,6016,True
Fuel vectors,128,nonempty_depth,2,38,0xf65dd2d76efb602f9554514892751d5,6.286041999999999,0.05144299999999997,0.27423699999999984,6.635896,0.004131000000739959,0.04235499999794001,6.68238199999868,6016,True
Fuel vectors,128,nonempty_depth,2,39,0x688e94a51ee508a95e761294afb7a600,6.549306999999999,0.030372,0.2647229999999999,6.868515,0.004799999999249849,0.04276499999988914,6.916079999999139,6016,True
Fuel vectors,128,nonempty_depth,2,40,0x3523d19074cac2abcc3ace63b121eefa,5.355146999999999,0.027142000000000006,0.256536,5.662325,0.00577700000192749,0.0425740000018493,5.710676000003777,6016,True
Fuel vectors,128,nonempty_depth,2,41,0x31b67dba7cfd6e2d7540f9c96d90a45b,6.286782999999999,0.022913999999999997,0.2520960000000001,6.583374,0.004530999998308971,0.0423370000000034,6.630241999998312,6016,True
Fuel vectors,128,nonempty_depth,2,42,0x569ce7ffc5ab3343d40276040602bb1e,6.494357999999999,0.029828000000000004,0.24472399999999994,6.79172,0.004558000000542961,0.04500300000032098,6.841281000000864,6016,True
Fuel vectors,128,nonempty_depth,2,43,0xf471c818c185f9c35ddd6c05738371e,5.340617000000002,0.028403999999999995,0.25633700000000004,5.649605,0.041264000000040824,0.04246800000018425,5.733337000000225,6016,True
Fuel vectors,128,nonempty_depth,2,44,0x514970ce425bbbe11b969e5cd683f4c1,6.132992000000002,0.021556999999999993,0.250484,6.423583,0.01892399999903205,0.04295400000131622,6.485461000000348,6016,True
Fuel vectors,128,nonempty_depth,2,45,0x825ac1bb838d399fb1ba55a6247e2c8c,6.305124000000001,0.028139,0.2543270000000001,6.612646,0.010173999999807393,0.04335100000218972,6.666171000001997,6016,True
Fuel vectors,128,nonempty_depth,2,46,0xb894454077582b5d5aad1f58872264af,6.054669000000003,0.05677300000000001,0.25968499999999994,6.394111,0.00507900000101813,0.043198000000188586,6.442388000001206,6016,True
Fuel vectors,128,nonempty_depth,2,47,0xb310919be4d5c7892739294545b85928,6.176951000000003,0.024750999999999995,0.26145100000000004,6.482666,0.004279000002327393,0.04252499999779502,6.5294700000001225,6016,True
Fuel vectors,128,nonempty_depth,2,48,0x83440636eff7b2ec0f78ef7b8e480a03,9.602752000000002,0.037641999999999995,0.293001,9.963624,0.004290000003237537,0.04241899999968268,10.01033300000292,6016,True
Fuel vectors,128,nonempty_depth,2,49,0xdbf8f061b38993c8d7dc1f521c3df09f,6.193338,0.06065600000000001,0.36994500000000013,6.656901,0.004128000000491738,0.04254500000300254,6.703574000003495,6016,True
Fuel vectors,128,nonempty_depth,2,50,0x433ebf5bc03dffa38536673207a21281,6.773231000000002,0.03387900000000001,0.3057310000000001,7.139511,0.004690999997336576,0.042427000000344606,7.186628999997681,6016,True
Fuel vectors,128,nonempty_depth,2,51,0xdf3f619804a92fdb4057192dc43dd748,6.210536000000001,0.03152699999999999,0.26517,6.533965,0.004530000001778944,0.04306800000009048,6.58156300000187,6016,True
Fuel vectors,128,nonempty_depth,2,52,0x5085cb99dbe1e374ccd321e5b58182d2,8.910010999999999,0.05906699999999998,0.332802,9.335887,0.006785000000064656,0.0431909999996094,9.385862999999674,6016,True
Fuel vectors,128,nonempty_depth,2,53,0x552d7d672c5bbbccfb210a425e36a1d6,5.320540000000001,0.038707,0.280593,5.663409,0.004366999998950405,0.04245599999919136,5.7102319999981415,6016,True
Fuel vectors,128,nonempty_depth,2,54,0xd88c86f15bbea365d658ad95a81d4536,7.080259999999998,0.037470000000000024,0.27685400000000016,7.422997,0.004101999998340489,0.04336099999946441,7.4704599999978045,6016,True
Fuel vectors,128,nonempty_depth,2,55,0x920218ce21e9b273c4110f07c5803f74,6.494785000000001,0.03161799999999999,0.26387600000000005,6.837818,0.005271999999223453,0.04297399999941831,6.886063999998642,6016,True
Fuel vectors,128,nonempty_depth,2,56,0x15b165510f75144be8633336a97ac62c,5.872899999999998,0.054026000000000005,0.29465899999999995,6.242994,0.004710000002461356,0.04289700000015273,6.2906010000026145,6016,True
Fuel vectors,128,nonempty_depth,2,57,0x4149d67891c7efddad38eb590d537d3f,6.683186999999997,0.106369,0.29880500000000015,7.111687,0.005232999999549293,0.04658499999976584,7.163504999999315,6016,True
Fuel vectors,128,nonempty_depth,2,58,0xc22ceee66b8ab104483c83053173b33f,6.221543000000001,0.033310999999999986,0.392097,6.674217,0.004979999999932261,0.04286100000072679,6.722058000000659,6016,True
Fuel vectors,128,nonempty_depth,2,59,0xcc6a4ccca98a6360d42fde83780517e,6.142079999999999,0.058732000000000006,0.26053600000000005,6.484951,0.004064000002301782,0.042816999997086214,6.531831999999388,6016,True
Fuel vectors,128,nonempty_depth,2,60,0xd99e58435243d9fef9c88273b8d553b4,6.031319000000002,0.027469999999999998,0.723381,6.802656,0.00403299999973683,0.042810000000059745,6.849498999999796,6016,True
Fuel vectors,128,nonempty_depth,2,61,0x58ec452ede72799baf21664edc953297,6.392471,0.030112000000000003,0.25851099999999994,6.706225,0.004011000001469256,0.04506000000148447,6.755296000002954,6016,True
Fuel vectors,128,nonempty_depth,2,62,0xae3c8b8d99a39542f78af83dbbb42c81,5.856048,0.026215000000000002,0.3010530000000001,6.206798,0.004510000000124137,0.04274300000162157,6.254051000001746,6016,True
Fuel vectors,128,nonempty_depth,2,63,0x3f08f60bf2a0754139d918d80882ef46,6.569173000000002,0.029785999999999993,0.27891400000000005,6.901469,0.0050770000008526495,0.04241799999959994,6.948964000000452,6016,True
Fuel vectors,128,nonempty_depth,2,64,0xe9f3440e5518839aa600db07b5400f8e,7.29969,0.04238799999999999,0.2804429999999998,7.653367,0.008073000000052843,0.08072999999697572,7.742169999997029,6016,True
Fuel vectors,128,nonempty_depth,2,65,0xcc74c0c353fe2c007aff8dc7db556638,6.175775999999999,0.062466000000000015,0.298437,6.559509,0.005158000000449192,0.044598999998868294,6.609265999999318,6016,True
Fuel vectors,128,nonempty_depth,2,66,0xd596e806d34bd7d4304b9f00ec340f02,7.197531000000001,0.033105,0.3839190000000001,7.658324,0.004626999999146619,0.04699999999857596,7.709950999997723,6016,True
Fuel vectors,128,nonempty_depth,2,67,0x7fde8eebf388fcff667a89be60430cc6,6.852087999999999,0.04332999999999999,0.2762990000000001,7.201239,0.004847999999668673,0.04289299999982177,7.248979999999491,6016,True
Fuel vectors,128,nonempty_depth,2,68,0x1bc5d0e3df0ea12c4d0078668d14924f,5.171524,0.024502,0.27787199999999995,5.494137,0.0047939999987534065,0.0427290000004632,5.541659999999217,6016,True
Fuel vectors,128,nonempty_depth,2,69,0x282a163f3e6f52ab35cf838079369bce,6.8845480000000014,0.028155000000000003,0.28465299999999993,7.221281,0.004391000000936174,0.04244000000142023,7.268112000002357,6016,True
Fuel vectors,128,nonempty_depth,2,70,0xd2febf3079d64fcc48205885b66974fb,8.147693,0.03783299999999999,0.301088,8.518828,0.004567999997817651,0.042290999999750056,8.565686999997567,6016,True
Fuel vectors,128,nonempty_depth,2,71,0x43b728ce5e336e2e48a38a61805a73c0,5.958759000000002,0.026331999999999994,0.311346,6.319259,0.004774000000651313,0.04234699999727809,6.366379999997929,6016,True
Fuel vectors,128,nonempty_depth,2,72,0x4082763076bdaee3a85e52eb5893169d,10.343547999999995,0.053321999999999974,0.3661220000000001,10.798508,0.004617999998401956,0.042959999998259946,10.846085999996662,6016,True
Fuel vectors,128,nonempty_depth,2,73,0xc006af35e3b4ca022ab986593a148b4f,6.866792000000001,0.04322,0.30264799999999986,7.240577,0.004251000000010663,0.0447289999989664,7.289556999998977,6016,True
Fuel vectors,128,nonempty_depth,2,74,0x75ce1f4e6c052ea6fec089042a96928f,7.7597689999999995,0.04306699999999998,1.0539559999999997,8.903744,0.004774000000651313,0.04314100000257781,8.951659000003229,6016,True
Fuel vectors,128,nonempty_depth,2,75,0x6870f86f6560dd5b0d0a47d0ae89df6a,6.659991000000001,0.030607999999999993,0.30465999999999993,7.018083,0.004681000000061886,0.042152999998990026,7.064916999999052,6016,True
Fuel vectors,128,nonempty_depth,2,76,0x51be0458d20b1ce2ff5316e7e473109c,7.5994030000000015,0.042992999999999996,0.4368910000000001,8.111315,0.007225000000943282,0.042669999999134234,8.161210000000077,6016,True
Fuel vectors,128,nonempty_depth,2,77,0x16ab79353cdbc2bef69a106f68d5f6b5,7.915608,0.041554999999999995,0.374132,8.362554,0.004631999999560321,0.04283299999841006,8.41001899999797,6016,True
Fuel vectors,128,nonempty_depth,2,78,0x2c19fc328bfccab923ee092d9123a9cc,6.335181,0.029111,0.2958499999999999,6.684144,0.004559000000625701,0.04230100000057746,6.731004000001203,6016,True
Fuel vectors,128,nonempty_depth,2,79,0x560231689713a5933b6c8ac3e6b2f243,7.029155,0.05906199999999999,0.28875300000000004,7.40258,0.0042130000004192425,0.04251700000068581,7.449310000001105,6016,True
Fuel vectors,128,nonempty_depth,2,80,0xdfe4224c822504739c7efea90fd28bf7,6.568498999999997,0.03589599999999999,0.28093399999999996,6.911269,0.004822000001070137,0.045934999999275306,6.962026000000345,6016,True
Fuel vectors,128,nonempty_depth,2,81,0x8092fe01b9ce31a49ce380fc2fe1ee6b,6.459936999999998,0.023916999999999997,0.26584500000000005,6.773848,0.004779000001065015,0.04282400000121811,6.821451000002283,6016,True
Fuel vectors,128,nonempty_depth,2,82,0x1561ade0621c5acf44b780521f95a1e0,6.580362999999998,0.034645,0.3203550000000001,6.960719,0.004237999998935038,0.04300500000198326,7.007962000000918,6016,True
Fuel vectors,128,nonempty_depth,2,83,0xbc2d9ddc9857e53598677dbea82a2583,7.863608000000003,0.09281400000000004,0.33848599999999995,8.329907,0.0043030000007604485,0.27568200000160914,8.60989200000237,6016,True
Fuel vectors,128,nonempty_depth,2,84,0x5d6941b983cd61008a67cd3865fe78cc,6.818541999999999,0.05220399999999999,0.3611900000000001,7.254953,0.00472900000048071,0.057398999999236366,7.3170809999997175,6016,True
Fuel vectors,128,nonempty_depth,2,85,0xa7911cdfdc28e6a1867e359ba426081a,5.926575000000001,0.033746999999999985,0.30475699999999994,6.308314,0.005213000001447199,0.10169600000153878,6.415223000002986,6016,True
Fuel vectors,128,nonempty_depth,2,86,0x2de44621c76edf2debbc2df62ccb52c5,6.665856999999996,0.08692699999999999,0.2943549999999998,7.077127,0.0043480000009310515,0.05548799999743892,7.13696299999837,6016,True
Fuel vectors,128,nonempty_depth,2,87,0x3b28a6c3766c6295adad976d349705ef,6.502671000000004,0.05955099999999999,0.31621799999999994,6.901961,0.004355000001510234,0.05094399999805432,6.957259999999565,6016,True
Fuel vectors,128,nonempty_depth,2,88,0x95534981420d9a1e5d3cd3b567c6e21f,5.7591090000000005,0.029514999999999996,0.28209299999999987,6.094205,0.005029999996963852,0.05088600000036081,6.150120999997324,6016,True
Fuel vectors,128,nonempty_depth,2,89,0x6b0e4bfa8dc9b19ccc121b2bd0d22da7,6.610422000000002,0.06928500000000001,0.27150699999999994,6.977815,0.005112000000195849,0.05131300000016381,7.034240000000359,6016,True
Fuel vectors,128,nonempty_depth,2,90,0xb70aeff402d30d7d55ee164fd109ce39,7.382562000000001,0.055111999999999994,0.293716,7.760939,0.004386999997052499,0.059973000002599974,7.825298999999652,6016,True
Fuel vectors,128,nonempty_depth,2,91,0xd8063c1eafe3b5fd49d4c8e8737316ba,5.808311999999999,0.036148999999999994,0.29234999999999994,6.165354,0.0040959999978440464,0.054730999998753305,6.224180999996597,6016,True
Fuel vectors,128,nonempty_depth,2,92,0xa5e537813128ccca735d65a9027cd505,6.137480999999998,0.06224899999999999,0.27246100000000006,6.497041,0.00743000000014149,0.08411600000002295,6.588587000000165,6016,True
Fuel vectors,128,nonempty_depth,2,93,0x5a05f87d329a8321f2006f4f3b11b810,6.294669999999997,0.11250900000000003,0.2747269999999999,6.703705,0.004662999998572559,0.18327599999778954,6.891643999996362,6016,True
Fuel vectors,128,nonempty_depth,2,94,0xfe5b0deca006174e2151088e1a7d60fe,5.930168000000002,0.028217999999999986,0.26879800000000004,6.250791,0.004797000002554341,0.2058179999977483,6.461406000000303,6016,True
Fuel vectors,128,nonempty_depth,2,95,0x390b36a09502b05d4f8c27aea2636c6b,6.714337999999998,0.08563900000000002,0.286303,7.114735,0.0039799999989043044,0.05218800000150736,7.170903000000411,6016,True
Fuel vectors,128,nonempty_depth,2,96,0xeaaf1805f2ec6a18eee5a7909f799086,6.759463999999999,0.036931,0.2878060000000002,7.111632,0.004485999998138368,0.05363300000027493,7.1697509999984135,6016,True
Fuel vectors,128,nonempty_depth,2,97,0xe084a105a7b7d599b8346d3cba5ac51b,6.949535999999998,0.037897999999999994,0.2950520000000001,7.309302,0.0049549999978637516,0.2036409999988109,7.517897999996674,6016,True
Fuel vectors,128,nonempty_depth,2,98,0x8ef3b0d7c4476e2c0a91ccc5867740a0,6.593724,0.031818000000000006,0.271325,6.923686,0.0047649999999066495,0.049857000000486096,6.978308000000393,6016,True
Fuel vectors,128,nonempty_depth,2,99,0x97efc1907815f13e6a02d4149a09e9a5,5.905554,0.03391799999999999,0.26450200000000007,6.228132,0.004931999999513437,0.04606499999937341,6.279128999998886,6016,True
